call,268
free,151
mobile,93
claim,87
text,85
get,79
reply,77
stop,75
www,68
win,67
new,63
urgent,61
send,59
prize,57
contact,51
service,51
cash,51
msg,50
guaranteed,50
com,49
uk,44
nokia,42
phone,41
please,41
customer,40
week,40
draw,38
w,35
awarded,35
co,35
tone,35
latest,34
chat,34
mins,34
sms,33
find,32
line,32
shows,31
box,31
landline,30
code,30
per,30
holiday,30
c,30
ringtone,29
every,29
message,29
camera,29
st,28
video,28
ppm,27
want,27
valid,27
min,27
receive,26
r,26
chance,25
selected,24
weekly,24
number,24
hrs,24
live,23
cs,23
orange,22
mob,22
network,21
entry,21
vouchers,21
gift,20
pobox,20
offer,20
award,20
delivery,20
know,20
age,19
account,19
wk,19
special,19
time,19
b,19
go,19
private,18
cost,18
n,18
tones,18
price,18
pm,18
hi,17
see,17
expires,17
todays,17
collection,17
tried,17
dating,17
yes,17
po,17
calls,16
land,16
colour,16
club,16
dear,16
identifier,16
points,16
waiting,16
statement,16
word,15
thanks,15
apply,15
c's,15
music,15
info,15
poly,15
winner,15
trying,15
name,15
day,15
mths,15
pounds,15
tell,15
join,15
update,15
row,15
freemsg,14
congratulations,14
camcorder,14
suite,14
help,14
today,14
hl,14
wkly,14
lands,14
back,14
final,14
top,14
last,13
optout,13
quiz,13
g,13
mobiles,13
voucher,13
sae,13
collect,13
worth,13
content,13
txts,13
j,13
take,13
ltd,13
mates,13
xx,13
real,13
someone,13
attempt,13
half,13
nd,13
hot,13
un,12
http,12
redeemed,12
days,12
make,12
next,12
order,12
xmas,12
opt,12
rental,12
play,12
messages,11
valued,11
anytime,11
yr,11
hg,11
unsubscribe,11
rate,11
operator,11
await,11
sexy,11
enjoy,11
easy,10
representative,10
phones,10
currently,10
tomorrow,10
auction,10
complimentary,10
reveal,10
secret,10
thinks,10
services,10
admirer,10
direct,10
comp,10
friend,10
speak,10
ac,10
part,10
congrats,10
txting,10
important,10
xxx,10
discount,9
f,9
unlimited,9
news,9
fancy,9
x,9
pic,9
date,9
use,9
wq,9
ldew,9
like,9
motorola,9
wanna,9
double,9
mobileupd,9
looking,9
bonus,9
texts,9
custcare,9
numbers,9
balance,9
enter,9
sex,9
sent,9
choose,9
credits,9
specially,8
t's,8
end,8
cd,8
love,8
one,8
game,8
k,8
inc,8
ending,8
good,8
digital,8
meet,8
eg,8
player,8
sony,8
store,8
sunshine,8
terms,8
details,8
us,8
norm,8
dont,8
england,8
del,8
wx,8
savamob,8
dogging,8
polys,8
entitled,8
reward,8
ntt,8
rcvd,8
ppmx,8
ipod,8
tv,8
std,8
shopping,8
gr,8
wc,8
net,8
freephone,8
ldn,8
maximize,7
need,7
welcome,7
games,7
uk's,7
within,7
cc,7
tscs,7
babe,7
either,7
great,7
user,7
getzed,7
shop,7
msgs,7
ringtones,7
years,7
pls,7
area,7
guess,7
credit,7
start,7
information,7
pound,7
pics,7
spree,7
plus,6
buy,6
dvd,6
bt,6
hours,6
holder,6
sp,6
fun,6
replying,6
sol,6
vodafone,6
matches,6
toclaim,6
entered,6
summer,6
fantasies,6
euro,6
question,6
standard,6
lucky,6
match,6
awaiting,6
announcement,6
ready,6
got,6
charge,6
first,6
don't,6
costa,6
month,6
handset,6
tenerife,6
stoptxt,6
tncs,6
offers,6
asked,6
sipix,6
yrs,6
could,6
inviting,6
true,6
frnd,6
ts,6
try,6
horny,6
give,6
talk,5
december,5
flights,5
book,5
log,5
weekend,5
max,5
videophones,5
cup,5
v,5
selection,5
videochat,5
even,5
logo,5
place,5
subscription,5
link,5
gay,5
fone,5
loyalty,5
onto,5
best,5
hey,5
computer,5
official,5
contacted,5
eve,5
flag,5
immediately,5
fantastic,5
weekends,5
partner,5
singles,5
bluetooth,5
cum,5
quoting,5
activate,5
eerie,5
q,5
polyphonic,5
friends,5
locations,5
answer,5
cds,5
national,5
rates,5
revealed,5
u've,5
months,5
voda,5
inclusive,5
getting,5
linerental,5
gbp,5
well,5
care,5
ec,5
year,5
wid,5
show,4
correct,4
trip,4
tkts,4
winawk,4
nat,4
sale,4
cust,4
pix,4
mk,4
e,4
fantasy,4
txtin,4
zed,4
week's,4
txtauction,4
it's,4
cant,4
ibiza,4
hope,4
im,4
sub,4
done,4
recd,4
pass,4
eng,4
wan,4
yer,4
close,4
break,4
may,4
away,4
skilgme,4
saturday,4
freefone,4
girls,4
hello,4
hmv,4
weeks,4
caller,4
access,4
city,4
contract,4
hp,4
fromm,4
unredeemed,4
invited,4
themob,4
fl,4
let's,4
cw,4
jordan,4
pod,4
nyt,4
local,4
app,4
girl,4
conditions,4
post,4
takes,4
moby,4
guys,4
minutes,4
country,4
ansr,4
tyrone,4
laid,4
tariffs,4
largest,4
nite,4
xchat,4
purpose,4
bcm,4
forwarded,4
loan,4
picked,4
still,4
jhl,4
vary,4
would,4
daily,4
address,4
starting,4
alert,4
ans,4
tcr,4
registered,4
brand,4
luv,4
subscriber,4
urawinner,4
exciting,4
moon's,3
bored,3
charity,3
little,3
nokias,3
check,3
mobilesdirect,3
download,3
ring,3
alfie,3
notice,3
hard,3
competition,3
yesterday,3
many,3
song,3
bid,3
cinema,3
heart,3
keep,3
biggest,3
suprman,3
med,3
porn,3
stay,3
networks,3
tf,3
th,3
nothing,3
rcv,3
halloween,3
sam,3
dream,3
town,3
purchase,3
flirt,3
people,3
results,3
netcollex,3
truly,3
genuine,3
future,3
callcost,3
king,3
life,3
simply,3
billed,3
password,3
ave,3
mix,3
verify,3
questions,3
cross,3
amazing,3
lp,3
sport,3
today's,3
perwksub,3
rply,3
ever,3
id,3
comes,3
percent,3
ntwk,3
children,3
money,3
rude,3
calling,3
pence,3
bill,3
kick,3
via,3
subscribed,3
germany,3
newest,3
tickets,3
web,3
paris,3
lions,3
sorry,3
miss,3
going,3
profit,3
hit,3
action,3
fancies,3
wap,3
crazy,3
heard,3
arcade,3
settings,3
won't,3
prizes,3
charged,3
super,3
male,3
abta,3
kept,3
records,3
team,3
receipt,3
vip,3
shortly,3
jamster,3
tour,3
xxxxxxx,3
textcomp,3
think,3
high,3
subs,3
choice,3
msgrcvdhg,3
voicemail,3
alone,3
energy,3
adult,3
xxxxxxxxx,3
minmobsmorelkpobox,3
soon,3
six,3
cancel,3
right,3
surprise,3
supply,3
csbcm,3
provided,3
skillgame,3
members,3
downloads,3
five,3
drinks,2
lily,2
randy,2
lots,2
goals,2
dot,2
visit,2
ordered,2
support,2
wkent,2
sept,2
tulip,2
wu,2
violet,2
center,2
unable,2
subscribe,2
canary,2
luxury,2
compare,2
flower,2
eastenders,2
hardcore,2
charges,2
bank,2
fastest,2
wallpaper,2
ads,2
mind,2
membership,2
tms,2
widelive,2
index,2
wml,2
member,2
wow,2
click,2
costs,2
feeling,2
arrange,2
asp,2
frog,2
ones,2
dave,2
warranty,2
bp,2
tcs,2
wet,2
growing,2
uks,2
landlines,2
gent,2
hotel,2
must,2
warm,2
issues,2
cheap,2
wa,2
callfreefone,2
cruise,2
work,2
wait,2
acl,2
things,2
informed,2
lines,2
ag,2
promo,2
filthy,2
spanish,2
ibh,2
invaders,2
ladies,2
orig,2
console,2
recently,2
self,2
listen,2
also,2
movietrivia,2
mnth,2
kickoff,2
ringtoneking,2
txtstop,2
str,2
british,2
hotels,2
brought,2
chosen,2
algarve,2
hlp,2
xn,2
reality,2
essexcm,2
datebox,2
secretly,2
pc,2
careful,2
received,2
subpoly,2
pub,2
connect,2
vu,2
boys,2
txtno,2
yahoo,2
straight,2
tells,2
available,2
darling,2
nok,2
strong,2
i'd,2
street,2
baby,2
gender,2
cam,2
delivered,2
sim,2
ends,2
fwd,2
believe,2
company,2
since,2
arsenal,2
smart,2
tonights,2
notxt,2
scotsman,2
l,2
maybe,2
seeds,2
deliveredtomorrow,2
incredible,2
minute,2
harry,2
unbreakable,2
westlife,2
granite,2
explosive,2
nasdaq,2
symbol,2
cdgt,2
careers,2
bloomberg,2
accident,2
lover,2
potter,2
mnths,2
phoenix,2
luck,2
married,2
george's,2
minmoremobsemspobox,2
wt,2
fa,2
lf,2
chart,2
come,2
quality,2
bulbs,2
fixed,2
extra,2
film,2
joined,2
august,2
unique,2
using,2
mila,2
funk,2
following,2
current,2
viagra,2
starts,2
improved,2
leave,2
tnc,2
sk,2
ch,2
pt,2
you've,2
tonight,2
txttowin,2
names,2
chances,2
mobno,2
adam,2
mr,2
personal,2
garden,2
wiv,2
islands,2
prepayment,2
valentines,2
textpod,2
lifetime,2
gb,2
le,2
lucozade,2
oz,2
rally,2
wrc,2
tc,2
removal,2
press,2
films,2
randomly,2
receivea,2
kl,2
costing,2
etc,2
gettin,2
blow,2
wish,2
till,2
housewives,2
mailbox,2
cool,2
asap,2
drop,2
ppw,2
prompts,2
ls,2
h,2
fml,2
natalja,2
britney,2
usher,2
cheaper,2
pick,2
textoperator,2
scoring,2
movie,2
save,2
gamestar,2
trav,2
smsco,2
premium,2
space,2
getstop,2
xxxxxx,2
eurodisinc,2
hear,2
hols,2
enough,2
loyal,2
customers,2
missed,2
envelope,2
xy,2
active,2
sky,2
normal,2
retrieve,2
mp,2
reminder,2
include,2
unsub,2
cornwall,2
duchess,2
messaging,2
iscoming,2
night,2
forget,2
upd,2
oranges,2
mobilesvary,2
shagged,2
stopsms,2
php,2
football,2
liverpool,2
upto,2
premier,2
helpline,2
collected,2
greet,2
learn,2
cm,2
mtmsg,2
spook,2
due,2
ctxt,2
played,2
mid,2
cashto,2
ba,2
explicit,2
men,2
somebody,2
term,2
indicate,2
lost,2
postcode,2
search,2
enjoyed,2
textbuddy,2
community,2
secs,2
stamped,2
santa,2
idew,2
yet,2
foley,2
gaytextbuddy,2
discreet,2
morro,1
xxxxx,1
claire,1
videosound,1
doit,1
havin,1
bought,1
colours,1
dena,1
offering,1
utele,1
drvgsto,1
vat,1
breathe,1
aom,1
cute,1
clip,1
lookatme,1
thurs,1
goto,1
classic,1
sexual,1
cal,1
matched,1
met,1
gold,1
xxuk,1
interested,1
thing,1
two,1
round,1
chrgd,1
exit,1
fri,1
suzy,1
shag,1
sextextuk,1
knickers,1
fav,1
cast,1
optin,1
glad,1
bbc,1
charts,1
summers,1
bin,1
beg,1
nikiyu,1
challenge,1
rp,1
regalportfolio,1
passion,1
babes,1
station,1
marsms,1
paid,1
responding,1
latests,1
lucy,1
subscriptions,1
gotbabes,1
put,1
hunks,1
downloaded,1
prescripiton,1
unsubscribed,1
hubby,1
meetins,1
sat,1
cumin,1
mad,1
office,1
musicnews,1
bout,1
rock,1
regular,1
kinda,1
agent,1
scammers,1
low,1
kbsubject,1
willing,1
brings,1
stdtxtrate,1
soundtrack,1
picture,1
worlds,1
lord,1
stewartsize,1
mistake,1
slow,1
videosounds,1
fil,1
jeri,1
alertfrom,1
mat,1
logos,1
virgins,1
goten,1
goodies,1
rings,1
landlineonly,1
realize,1
thfeb,1
giv,1
followed,1
star,1
bears,1
sound,1
bb,1
upgrade,1
trial,1
prods,1
card,1
jane,1
virgin,1
minapn,1
subscriptn,1
satisfy,1
totally,1
shit,1
credited,1
meal,1
bundle,1
pocketbabe,1
buffy,1
blind,1
rodds,1
biz,1
whose,1
shortcode,1
refunded,1
lkpobox,1
chaps,1
smartcall,1
deltomorrow,1
nick,1
callback,1
mystery,1
qlynnbv,1
sing,1
green,1
orno,1
ph,1
fink,1
approx,1
promised,1
london,1
phb,1
yourinclusive,1
global,1
various,1
carlie,1
accommodation,1
minmobsmore,1
posh,1
smsservices,1
complete,1
birds,1
aberdeen,1
living,1
celeb,1
return,1
around,1
vpod,1
yf,1
uptown,1
sang,1
wedding,1
accordingly,1
privacy,1
mobypobox,1
bremoved,1
pmmorefrommobile,1
lingerie,1
bridal,1
petticoatdreams,1
weddingfriend,1
claimcode,1
ta,1
mini,1
items,1
xxxx,1
closingdate,1
unclaimed,1
wanting,1
bitch,1
sort,1
ten,1
dob,1
popcorn,1
read,1
deals,1
dartboard,1
condition,1
doubles,1
minded,1
pink,1
definitely,1
made,1
perfect,1
vatian,1
rgds,1
adrian,1
thnq,1
rct,1
hava,1
trebles,1
naked,1
wither,1
christmas,1
pneys,1
avble,1
block,1
wants,1
flight,1
sign,1
mf,1
tons,1
skip,1
sun,1
posts,1
monthly,1
page,1
mobsi,1
instantly,1
single,1
recieve,1
laugh,1
digits,1
channel,1
teletext,1
pg,1
draws,1
added,1
becausethey,1
doubletxt,1
doublemins,1
bluetoothhdset,1
panasonic,1
plyr,1
helen,1
july,1
photo,1
applausestore,1
monthlysubscription,1
hottest,1
csc,1
pre,1
quote,1
seem,1
janinexx,1
woman,1
sue,1
bedroom,1
backdoor,1
allow,1
companies,1
responsible,1
opinions,1
suppliers,1
guarantee,1
feelin,1
lnly,1
hack,1
india,1
lapdancer,1
lonely,1
response,1
bubbletext,1
rgent,1
renewal,1
chasing,1
pin,1
tgxxrz,1
ab,1
lookin,1
saucy,1
daytime,1
mcfly,1
afraid,1
busty,1
package,1
dirty,1
polyc,1
stoptxtstop,1
follow,1
become,1
hvae,1
stories,1
released,1
matthew,1
complementary,1
sppok,1
xclusive,1
clubsaisai,1
morow,1
gotto,1
soiree,1
comuk,1
speciale,1
zouk,1
nichols,1
roses,1
qxj,1
outbid,1
ae,1
sn,1
cro,1
valentine,1
trivia,1
created,1
folks,1
held,1
wrote,1
jy,1
simonwatson,1
conacted,1
vipclub,1
tkls,1
knock,1
email,1
shinco,1
instructions,1
horniest,1
listening,1
nasty,1
tarot,1
filthyguys,1
trackmarque,1
slo,1
keyword,1
potential,1
textand,1
vid,1
borin,1
picsfree,1
ad,1
police,1
login,1
million,1
ppt,1
connected,1
gmw,1
women,1
wot,1
er,1
stream,1
monos,1
stchoice,1
outgoing,1
ticket,1
thedailydraw,1
arrive,1
world,1
deck,1
gage,1
install,1
expiry,1
resubmit,1
browse,1
pdate,1
artists,1
black,1
amy,1
airport,1
bad,1
review,1
midnight,1
sic,1
presleys,1
god,1
upgrdcentre,1
receiving,1
extreme,1
elvis,1
qp,1
okmail,1
season,1
sonyericsson,1
emc,1
tddnewsletter,1
arrow,1
sell,1
lotr,1
survey,1
lounge,1
splashmobile,1
subscrition,1
woods,1
tiger,1
professional,1
goal,1
cnl,1
month's,1
rpl,1
mymoby,1
failed,1
karaoke,1
stoptx,1
wed,1
asjesus,1
speedchat,1
speed,1
jsco,1
lets,1
giving,1
hv,1
total,1
vote,1
along,1
stars,1
tooth,1
presence,1
topped,1
romcap,1
park,1
village,1
aq,1
bringing,1
jx,1
neo,1
expired,1
olympics,1
fall,1
fraction,1
june,1
ignore,1
feb,1
jst,1
boltblue,1
mono,1
europe,1
monoc,1
fans,1
sports,1
bloke,1
cha,1
slide,1
flirting,1
jamz,1
toxic,1
rt,1
pro,1
redeemable,1
bcmsfwc,1
footy,1
stadium,1
sending,1
banned,1
flowers,1
interflora,1
nearly,1
breath,1
superb,1
crazyin,1
titles,1
title,1
mobs,1
remove,1
removed,1
restrictions,1
replys,1
ppmsg,1
lastest,1
moan,1
instant,1
rg,1
flirtparty,1
dates,1
stereophonics,1
teenager,1
dark,1
cola,1
coca,1
january,1
large,1
fifa,1
cock,1
taking,1
spjanuary,1
customersqueries,1
netvision,1
cashbin,1
sparkling,1
ppmmobilesvary,1
continued,1
president,1
vco,1
knows,1
zf,1
logon,1
ga,1
annoncement,1
alto,1
chit,1
happy,1
wave,1
sptv,1
jersey,1
devils,1
agra,1
queries,1
resent,1
detroit,1
panther,1
farrell,1
colin,1
bbdeluxe,1
warner,1
pw,1
zs,1
evening,1
nr,1
stuff,1
found,1
thought,1
cure,1
marvel,1
home,1
ou,1
really,1
ultimate,1
everyone,1
cheapest,1
spider,1
hungry,1
lowest,1
red,1
legitimat,1
strip,1
oja,1
chatlines,1
nights,1
thesmszone,1
anonymous,1
dogs,1
masked,1
doggin,1
inclu,1
servs,1
sed,1
brother,1
ree,1
compensation,1
mega,1
abuse,1
wamma,1
hubby's,1
mfl,1
html,1
hmmross,1
ig,1
kit,1
four,1
gsex,1
connection,1
breaks,1
set,1
utxt,1
wings,1
promotion,1
ice,1
shortbreaks,1
big,1
hockey,1
confirm,1
org,1
dirtiest,1
burns,1
request,1
sexiest,1
loans,1
loads,1
incorrect,1
ball,1
wat,1
swat,1
never,1
graphics,1
wanted,1
cmon,1
old,1
ripped,1
renewing,1
way,1
regard,1
pay,1
prizeawaiting,1
da,1
phony,1
class,1
birthday,1
rayman,1
twinks,1
cncl,1
stopcs,1
bangbabes,1
ecef,1
ff,1
golf,1
texting,1
clubmoby,1
upgrading,1
eyed,1
man,1
donate,1
november,1
concert,1
blu,1
etlp,1
chloe,1
vouch,1
experiencehttp,1
asian,1
dining,1
tsunami,1
disaster,1
fund,1
macedonia,1
rodger,1
select,1
completely,1
wales,1
goldviking,1
error,1
subject,1
though,1
freeentry,1
xt,1
mquiz,1
driving,1
natalie,1
henry,1
thank,1
breaker,1
mre,1
kiosk,1
accommodationvouchers,1
mustprovide,1
i've,1
band,1
perweeksub,1
axel,1
akon,1
deluxe,1
format,1
planettalkinstant,1
features,1
boner,1
simpsons,1
however,1
repeat,1
gprs,1
amanda,1
australia,1
capital,1
radio,1
canname,1
jul,1
recorder,1
areyouunique,1
meg,1
bootydelious,1
booking,1
passes,1
oh,1
touch,1
deepest,1
darkest,1
xxxmobilemovieclub,1
changed,1
finally,1
lyricalladie,1
unicef's,1
previous,1
weekend's,1
wr,1
heroes,1
came,1
fgkslpo,1
villa,1
mgs,1
wks,1
there's,1
requests,1
started,1
noworriesloans,1
died,1
ltdhelpdesk,1
strt,1
walk,1
child,1
wkend,1
upload,1
svc,1
late,1
refused,1
secured,1
say,1
much,1
unsecured,1
rstm,1
floppy,1
snappy,1
customercare,1
msgrcvd,1
shy,1
santacalling,1
fgkslpopw,1
thirtyeight,1
gnarls,1
chik,1
renewed,1
wins,1
clubzed,1
videos,1
person,1
maximum,1
kath,1
filth,1
tbs,1
highest,1
banneduk,1
follows,1
billing,1
mobcudb,1
uz,1
saristar,1
recpt,1
tonexs,1
persolvo,1
shsex,1
tenants,1
sphosting,1
yeah,1
rtf,1
manchester,1
netun,1
landmark,1
processed,1
yo,1
tel,1
ken's,1
barbie,1
divorce,1
toilet,1
reach,1
barkleys,1
accessible,1
wire,1
mjzgroup,1
subscribers,1
leading,1
dontcha,1
pushbutton,1
replied,1
pause,1
ukp,1
gamb,1
whats,1
ya,1
gravel,1
already,1
someonone,1
babygoodbye,1
adp,1
dial,1
burger,1
rooms,1
dept,1
triple,1
echo,1
coincidence,1
begin,1
nt,1
headset,1
can't,1
webeburnin,1
ecstacy,1
golddigger,1
erotic,1
romantic,1
open,1
claims,1
efreefone,1
chgs,1
tb,1
telediscount,1
dorothy,1
stolen,1
paying,1
bailiff,1
haven't,1
gsoh,1
wining,1
gigolo,1
called,1
cfca,1
kiefer,1
flyng,1
left,1
website,1
oncall,1
without,1
bx,1
proze,1
norcorp,1
mens,1
career,1
moro,1
decide,0
blown,0
sorta,0
couple,0
application,0
how's,0
ctter,0
permissions,0
scores,0
hussey,0
sup,0
mac,0
oil,0
usb,0
gibbs,0
massages,0
actin,0
invite,0
cttergg,0
ahead,0
unsold,0
mike,0
watts,0
sophas,0
secondary,0
sure,0
spoilt,0
tomo,0
she's,0
sad,0
unbelievable,0
faglord,0
knew,0
murder,0
nutter,0
decided,0
yoyyooo,0
you'd,0
cutter,0
abiola,0
ain't,0
cttargg,0
anybody,0
pig,0
sweets,0
alternative,0
yup,0
pissed,0
nauseous,0
ym,0
term's,0
ore,0
mo,0
owo,0
zaher's,0
anything,0
moments,0
look,0
timings,0
stores,0
fro,0
wherever,0
dieting,0
fear,0
fudge,0
fainting,0
avalarr,0
attend,0
rounds,0
blogging,0
quick,0
magicalsongs,0
blogspot,0
ashley's,0
il,0
diet,0
ate,0
housework,0
cuppa,0
belong,0
slices,0
gyno,0
chip,0
kvb,0
oreos,0
samus,0
caught,0
smell,0
teach,0
three,0
invoices,0
outstanding,0
several,0
lesson,0
theyre,0
agents,0
happier,0
grateful,0
revealing,0
oops,0
places,0
letter,0
thus,0
ie,0
ctagg,0
ctargg,0
medical,0
wonder,0
pockets,0
shoulders,0
voila,0
near,0
campus,0
wear,0
white,0
jeans,0
stuffed,0
cheers,0
badly,0
bleh,0
least,0
whenever,0
writhing,0
grinule,0
paypal,0
xuhui,0
charles,0
tobacco,0
hollalater,0
yck,0
swear,0
boobs,0
huge,0
joke,0
situation,0
seekers,0
fault,0
checking,0
appt,0
nic,0
canlove,0
thekingshead,0
friendsare,0
whereare,0
boy,0
petey,0
pieces,0
dictionary,0
uncountable,0
generally,0
woohoo,0
iq,0
weighed,0
omg,0
al,0
jan,0
sounding,0
dogbreath,0
roommates,0
took,0
thot,0
bein,0
killing,0
pain,0
move,0
bag,0
loveme,0
soonlots,0
llspeak,0
hunny,0
yourjob,0
enjoyin,0
boo,0
mallika,0
sherawat,0
dobby,0
galileo,0
hu,0
url,0
borrow,0
series,0
reached,0
hint,0
yowifes,0
costumes,0
nervous,0
ugh,0
bec,0
boooo,0
imp,0
gauti,0
sehwag,0
odi,0
dled,0
fondly,0
forever,0
hair,0
hee,0
closed,0
schools,0
dramatic,0
goin,0
frnds,0
plane,0
wah,0
mas,0
wishing,0
yest,0
faber,0
mt,0
gua,0
finished,0
drive,0
something,0
performed,0
machan,0
thats,0
gentleman,0
grandmas,0
possible,0
makes,0
faith,0
spare,0
anyone,0
holla,0
apparently,0
inch,0
dresser,0
slave,0
said,0
wun,0
cut,0
short,0
nice,0
dedicated,0
diff,0
spelling,0
fixes,0
couldn't,0
opening,0
randomlly,0
beerage,0
guy,0
valuable,0
lovely,0
begging,0
smokes,0
trash,0
picking,0
dedicate,0
idc,0
wats,0
moment,0
drunkard,0
hunting,0
damn,0
anywhere,0
starshine,0
crave,0
ache,0
rto,0
thinked,0
choosing,0
saw,0
lately,0
gram,0
corvettes,0
lotta,0
usually,0
genius,0
tampa,0
named,0
runs,0
spoons,0
sathy,0
hospitals,0
ana,0
hai,0
eighth,0
smarter,0
returned,0
lovejen,0
spk,0
overdose,0
probthat,0
bettersn,0
urfeeling,0
poor,0
version,0
suckers,0
sucker,0
matter,0
officially,0
castor,0
chick,0
shesil,0
guidance,0
seeing,0
shakespeare,0
otherwise,0
atleast,0
nap,0
cuddle,0
american,0
hole,0
philosophical,0
endowed,0
weak,0
inches,0
didn't,0
require,0
hep,0
immunisation,0
nigeria,0
fair,0
hopefully,0
stubborn,0
hospital,0
telling,0
gets,0
lose,0
sips,0
rv,0
nag,0
inconsiderate,0
successful,0
surely,0
liked,0
sura,0
kz,0
wit,0
skyped,0
rvx,0
ages,0
hol,0
mate,0
accomodations,0
mojibiola,0
burial,0
seemed,0
turned,0
brain,0
hahaha,0
bits,0
cave,0
offered,0
embarassing,0
navigate,0
teasing,0
cappuccino,0
recession,0
hence,0
photos,0
samantha,0
almost,0
trauma,0
whole,0
stomach,0
realizes,0
doug,0
impress,0
guitar,0
jay's,0
playing,0
second,0
fyi,0
ride,0
warning,0
embarassed,0
seconds,0
xavier,0
meanwhile,0
morning,0
mother,0
prashanthettan's,0
comprehensive,0
morrow,0
understand,0
soo,0
he's,0
crashing,0
realized,0
applying,0
ud,0
useful,0
horrible,0
vettam,0
nurungu,0
minnaminunginte,0
oru,0
melle,0
melody,0
macs,0
colany,0
toot,0
nw,0
hme,0
chennai,0
velachery,0
flippin,0
adventuring,0
callertune,0
compliments,0
callers,0
copy,0
drms,0
silently,0
balloon,0
tantrum's,0
computerless,0
neighbors,0
irritation,0
effect,0
veggie,0
comment,0
disappointment,0
declare,0
breaking,0
cstore,0
avoid,0
neft,0
guessin,0
bday,0
maaaan,0
arms,0
apart,0
semi,0
appreciated,0
desk,0
mouse,0
taylor,0
understanding,0
tuition,0
beneficiary,0
reference,0
bother,0
annoying,0
himso,0
fed,0
arguments,0
wrong,0
thin,0
treat,0
aids,0
patent,0
quizzes,0
worrying,0
lodge,0
makin,0
chief,0
hangin,0
chic,0
saibaba,0
treasure,0
amla,0
rocks,0
words,0
searching,0
teju,0
rhode,0
ground,0
durban,0
young,0
convenience,0
bong,0
evaluation,0
ofcourse,0
eggs,0
cheyyamo,0
dhoni,0
math,0
smoked,0
hen,0
breather,0
promise,0
wont,0
granted,0
repeating,0
fulfil,0
wonderful,0
blessing,0
times,0
aiyah,0
shirt,0
sunday,0
uni,0
aiyar,0
anymore,0
catching,0
identification,0
drugs,0
peeps,0
danger,0
signing,0
kaitlyn,0
sitter,0
reassuring,0
endless,0
boundaries,0
grace,0
limit,0
tank,0
raining,0
copied,0
tamilnadu,0
throws,0
gonna,0
paper,0
shade's,0
wearing,0
piah,0
sar,0
tau,0
howz,0
difficulties,0
errors,0
whos,0
brothers,0
falls,0
gal,0
creepy,0
lunchtime,0
priscilla's,0
fails,0
weirdo,0
mode,0
stalk,0
profiles,0
jerry,0
irritates,0
express,0
passable,0
drinkin,0
wondering,0
heap,0
pax,0
lowes,0
jap,0
dump,0
control,0
dough,0
tee,0
nmde,0
dental,0
exact,0
bellearlier,0
didntgive,0
plumbing,0
molested,0
insects,0
john,0
leafcutter,0
track,0
accent,0
weirdest,0
disappeared,0
birthdate,0
certificate,0
garbage,0
jurong,0
point,0
developer,0
software,0
designation,0
dads,0
janx,0
lar,0
knackered,0
broke,0
fran,0
joking,0
wif,0
novelty,0
bitching,0
publish,0
oni,0
pity,0
worthless,0
ipads,0
cocksuckers,0
ola,0
happenin,0
settling,0
favour,0
destination,0
salesman,0
wheellock,0
nydc,0
dreams,0
inperialmusic,0
wahala,0
executive,0
basq,0
drum,0
dancce,0
dnot,0
senrd,0
pthis,0
iff,0
edrunk,0
drivby,0
purse,0
snatch,0
submitting,0
nah,0
sudden,0
goes,0
nhite,0
usf,0
products,0
aging,0
anti,0
invest,0
betta,0
rofl,0
apps,0
prakesh,0
barring,0
spiritual,0
phd,0
score,0
childporn,0
ihave,0
ros,0
accounts,0
shud,0
jd,0
honey,0
cbe,0
nino,0
el,0
exhibition,0
glass,0
bian,0
shun,0
units,0
calculation,0
pshew,0
flip,0
hun,0
influx,0
mc,0
dun,0
songs,0
docs,0
chinese,0
nobody,0
kane,0
greatness,0
semester,0
westonzoyland,0
early,0
hor,0
relieved,0
morn,0
wrking,0
interesting,0
ne,0
poyyarikatur,0
tea,0
egg,0
frying,0
positive,0
bus,0
catch,0
convincing,0
negative,0
always,0
lol,0
kolathupalayam,0
unjalur,0
erode,0
hero,0
sec,0
syllabus,0
eating,0
mom's,0
charlie,0
aunts,0
beth,0
quiet,0
yetunde,0
escalator,0
blessed,0
jesus,0
miracle,0
peace,0
library,0
skirt,0
stripes,0
apt,0
kerala,0
fit,0
hasn't,0
eat,0
defo,0
shitin,0
zoe,0
sheffield,0
lecture,0
stamps,0
foreign,0
asleep,0
plm,0
scratches,0
throat,0
pattern,0
slice,0
pizza,0
tho,0
sucks,0
mark,0
anniversary,0
glorious,0
exe,0
supreme,0
lovers,0
meat,0
fan,0
worried,0
sick,0
turn,0
terrible,0
party,0
relaxing,0
sore,0
apologetic,0
liking,0
token,0
necklace,0
christians,0
site,0
gymnastics,0
vaguely,0
chad,0
natwest,0
retired,0
that's,0
welp,0
decision,0
clear,0
bowl,0
horse,0
dobby's,0
leaves,0
heavy,0
feels,0
carefully,0
gravity,0
truth,0
shb,0
dict,0
ms,0
chk,0
lodging,0
fallen,0
aptitude,0
racing,0
butt,0
reckon,0
sd,0
ere,0
irene,0
ubi,0
yun,0
dropped,0
fuckin,0
dinner,0
mummy's,0
amp,0
carpark,0
packing,0
car,0
eightish,0
talent,0
closes,0
let,0
chocolate,0
salary,0
notebook,0
weakness,0
hesitate,0
nxt,0
biatch,0
boring,0
boggy,0
crap,0
room,0
ahhh,0
wrongly,0
forced,0
hardest,0
cliff,0
attraction,0
regards,0
surya,0
vijay,0
pokkiri,0
dearer,0
dem,0
thoughts,0
sooner,0
li,0
sorrows,0
fight,0
craziest,0
proove,0
planet,0
convey,0
copies,0
movies,0
tul,0
korche,0
iccha,0
korte,0
kaaj,0
kicchu,0
na,0
parchi,0
ami,0
oi,0
oyea,0
obese,0
shes,0
nurses,0
singing,0
praises,0
chicken,0
cali's,0
throw,0
gifts,0
postal,0
strips,0
ovulation,0
fret,0
watching,0
eh,0
remember,0
spell,0
ryder,0
tomorro,0
freely,0
complexities,0
doctor,0
curry,0
naughty,0
fine,0
hands,0
spatula,0
conected,0
alwys,0
lecturer,0
itz,0
evn,0
clock,0
needle,0
ndship,0
sambar,0
makiing,0
gossip,0
juicy,0
lul,0
viva,0
educational,0
concentrate,0
sentence,0
stock,0
comin,0
aft,0
finish,0
lunch,0
roast,0
atten,0
gnt,0
ge,0
gn,0
gm,0
speechless,0
lor,0
fool,0
rightly,0
edison,0
sufficient,0
blankets,0
lekdog,0
ard,0
smth,0
millions,0
ffffffffff,0
alright,0
hmmmm,0
walked,0
serious,0
feel,0
female,0
bathing,0
gota,0
holby,0
dentist,0
works,0
travel,0
finalise,0
prepared,0
networking,0
process,0
technical,0
stressful,0
deciding,0
throwing,0
ink,0
ha,0
sends,0
drunk,0
snoring,0
rudi,0
les,0
april,0
hiya,0
belligerent,0
analysis,0
data,0
sells,0
rd,0
seriously,0
command,0
confused,0
kano,0
caveboy,0
change,0
anyways,0
pictures,0
ass,0
facebook,0
studying,0
approaches,0
field,0
shipped,0
quickly,0
administrator,0
especially,0
franxx,0
suggestion,0
chechi,0
business,0
putting,0
trust,0
actually,0
period,0
bye,0
calculated,0
handsome,0
performance,0
shut,0
lap,0
finding,0
kickboxing,0
pilates,0
intro,0
working,0
huh,0
cream,0
none,0
spoke,0
iron,0
we'd,0
okies,0
maneesha,0
yan,0
jiu,0
bring,0
yep,0
wendy,0
doesnt,0
smoke,0
til,0
staying,0
whatsup,0
fullonsms,0
sender,0
missing,0
satisfied,0
experience,0
busetop,0
drink,0
toll,0
wld,0
darlings,0
lifted,0
disastrous,0
slightly,0
hopes,0
burning,0
tree,0
loxahatchee,0
buffet,0
towards,0
mrt,0
talking,0
ors,0
woke,0
able,0
stays,0
spoil,0
bath,0
agree,0
bars,0
suggest,0
seen,0
did't,0
recognise,0
happening,0
lindsay,0
geeee,0
uniform,0
brolly,0
stool,0
settled,0
wishin,0
mrng,0
hav,0
story,0
worries,0
ster,0
dead,0
tmr,0
z,0
air,0
orchard,0
alive,0
sighs,0
ptbo,0
mummy,0
finishes,0
tests,0
helps,0
league,0
owl,0
licks,0
mm,0
sis,0
blue,0
bathe,0
jus,0
awesome,0
haha,0
boytoy,0
where's,0
shouldn't,0
quite,0
repairs,0
body,0
deal,0
prabu,0
project,0
verifying,0
hes,0
completed,0
course,0
becaus,0
taught,0
rinu,0
payasam,0
heron,0
turns,0
mall,0
carlos,0
kind,0
see's,0
ure,0
beautiful,0
result,0
consistently,0
intelligent,0
asking,0
different,0
practicum,0
links,0
ears,0
ttyl,0
isnt,0
envy,0
truffles,0
oreo,0
si,0
parents,0
hand,0
improve,0
optimistic,0
acc,0
transfer,0
detail,0
excited,0
lotsly,0
hanks,0
concentration,0
gorgeous,0
howdy,0
monkeyaround,0
thru,0
safe,0
hell,0
plaza,0
bike,0
aaooooright,0
language,0
dirt,0
everywhere,0
typical,0
cine,0
wavering,0
thk,0
nevering,0
flowing,0
wine,0
soft,0
birla,0
leaving,0
slippery,0
roads,0
house,0
position,0
fave,0
style,0
doggy,0
oral,0
princess,0
railway,0
reasons,0
gives,0
heal,0
individual,0
coping,0
decisions,0
monkeespeople,0
werethe,0
group,0
attractive,0
expression,0
childish,0
sentiment,0
rowdy,0
ful,0
attitude,0
funny,0
din,0
irritating,0
aathi,0
urination,0
esplanade,0
escape,0
module,0
speaking,0
voice,0
bridge,0
aha,0
hostel,0
siva,0
needs,0
lager,0
form,0
clark,0
thou,0
utter,0
waste,0
hmmm,0
hop,0
coming,0
bloody,0
lift,0
wnt,0
bmw,0
shoul,0
tot,0
oic,0
supposed,0
spend,0
tough,0
prometazine,0
sachin,0
cricketer,0
bhaji,0
gd,0
hasnt,0
journey,0
applebees,0
iouri,0
dollars,0
jokin,0
askin,0
hillsborough,0
booked,0
respond,0
fucking,0
fifteen,0
amt,0
arng,0
source,0
lacs,0
shortage,0
cultures,0
vry,0
urgently,0
refreshed,0
dawns,0
lip,0
conducts,0
cruisin,0
hour,0
lessons,0
jenny,0
gaut,0
stupid,0
buzy,0
strict,0
accidentally,0
resend,0
officer,0
teaches,0
bcoz,0
teacher,0
passed,0
guy's,0
gandhipuram,0
road,0
side,0
usual,0
okie,0
far,0
tool,0
swing,0
full,0
celebrations,0
handed,0
theater,0
gf,0
mack,0
rob,0
mudyadhu,0
objection,0
hanging,0
scenery,0
remb,0
happen,0
jos,0
ask,0
friendship,0
thread,0
unless,0
repair,0
system,0
files,0
garage,0
keys,0
aren't,0
appreciate,0
actor,0
womdarfull,0
fridge,0
scary,0
shocking,0
elama,0
bslvyl,0
grave,0
rose,0
plz,0
die,0
cry,0
tease,0
hurt,0
appropriate,0
gurl,0
bf,0
rubber,0
meeting,0
mmm,0
necessarily,0
slippers,0
commercial,0
everything,0
expect,0
headin,0
yummy,0
bffs,0
jolt,0
thanx,0
fr,0
carly,0
watch,0
watches,0
kallis,0
ups,0
bat,0
innings,0
didnt,0
angry,0
bcums,0
hold,0
deepak,0
deeraj,0
drpd,0
goodnight,0
ranjith,0
fix,0
wake,0
dearly,0
seperated,0
face,0
baig,0
battery,0
theory,0
evo,0
flash,0
jealous,0
argue,0
loses,0
argument,0
wil,0
parked,0
closer,0
ill,0
upstairs,0
respectful,0
ended,0
printed,0
sometme,0
plan,0
wana,0
dint,0
tomarrow,0
hearing,0
laptop,0
case,0
luton,0
liao,0
disturb,0
pleassssssseeeeee,0
avent,0
sportsx,0
although,0
told,0
bookshelf,0
accept,0
sister,0
small,0
alter,0
practice,0
dis,0
mail,0
huiming,0
num,0
prestige,0
prepaid,0
sleeping,0
goodmorning,0
kr,0
jeremiah,0
transaction,0
apeshit,0
gudnite,0
dat,0
ericsson,0
cleared,0
oso,0
stranger,0
hiding,0
bless,0
favourite,0
caroline,0
cannot,0
oredi,0
refund,0
surfing,0
dined,0
wined,0
daaaaa,0
rs,0
figure,0
clos,0
babyjontet,0
rakhesh,0
college,0
ive,0
darlin,0
bucks,0
enc,0
forgt,0
alcohol,0
kate,0
chikku,0
db,0
audrey's,0
status,0
forward,0
allah,0
insha,0
refilled,0
insurance,0
successfully,0
remembered,0
inr,0
sirji,0
onam,0
wtf,0
ago,0
decimal,0
ish,0
weed,0
safely,0
keralacircle,0
jay,0
shoot,0
what's,0
atm,0
yoga,0
ubandu,0
os,0
anyway,0
register,0
dude,0
march,0
supervisor,0
exam,0
cake,0
merry,0
sen,0
cud,0
ppl,0
power,0
kb,0
pongal,0
advance,0
installing,0
friend's,0
says,0
custom,0
disk,0
enemy,0
bstfrnd,0
swtheart,0
belovd,0
lifpartnr,0
cutefrnd,0
jstfrnd,0
lvblefrnd,0
gona,0
buses,0
gon,0
sounds,0
report,0
paperwork,0
employer's,0
stealing,0
bruv,0
violated,0
evaporated,0
might,0
ajith,0
study,0
ooooooh,0
noe,0
leh,0
yoville,0
heading,0
waitin,0
prediction,0
slept,0
past,0
apo,0
light,0
meant,0
reading,0
problem,0
plans,0
somewhere,0
bristol,0
guild,0
pete,0
sindu,0
screamed,0
enters,0
rays,0
drug,0
dealer's,0
impatient,0
long,0
earth,0
okay,0
cloud,0
repent,0
river,0
sense,0
else,0
animation,0
sea,0
tuesday,0
panic,0
legal,0
wen,0
rough,0
sonetimes,0
gentle,0
sometimes,0
uncomfortable,0
happened,0
church,0
temple,0
cartoon,0
rest,0
jolly,0
triumphed,0
trains,0
coffee,0
fetch,0
braved,0
scrappy,0
saying,0
knw,0
wetherspoons,0
piggy,0
freaky,0
yelling,0
hairdressers,0
de,0
hex,0
explain,0
sdryb,0
forgot,0
run,0
bit,0
ditto,0
appointment,0
shower,0
beforehand,0
cause,0
belly,0
ho,0
lakhs,0
kalstiya,0
bakra,0
nange,0
en,0
sutra,0
prob,0
kama,0
positions,0
prepare,0
taken,0
allo,0
deleted,0
shock,0
often,0
hundreds,0
handsomes,0
beauties,0
aunties,0
uncles,0
shuhui,0
friendships,0
leona,0
reaction,0
family,0
happiness,0
snow,0
weather,0
cer,0
dependents,0
suits,0
ques,0
answers,0
making,0
memorable,0
aight,0
ip,0
considering,0
neva,0
banter,0
bridgwater,0
isn't,0
minecraft,0
server,0
grumpy,0
together,0
grow,0
thursday,0
dad,0
seven,0
hundred,0
ml,0
gone,0
ams,0
sweetheart,0
fetching,0
dismay,0
askd,0
imma,0
restock,0
thanksgiving,0
kiss,0
wee,0
seventeen,0
test,0
mean,0
gave,0
boston,0
location,0
nyc,0
umma,0
darren,0
longer,0
pop,0
tootsie,0
vava,0
lot,0
wishes,0
concerned,0
alex,0
fne,0
abt,0
telugu,0
jacket,0
running,0
scrumptious,0
multis,0
dao,0
used,0
omw,0
later,0
job,0
exactly,0
jide,0
visiting,0
pendent,0
ah,0
earn,0
jelly,0
cookies,0
flim,0
wondar,0
mindset,0
assume,0
upset,0
macha,0
bed,0
px,0
coins,0
specs,0
sth,0
factory,0
gotta,0
nitros,0
ela,0
ta's,0
spring,0
youdoing,0
peoples,0
shouted,0
realised,0
wahay,0
shorter,0
gaze,0
eyes,0
reason,0
yay,0
we've,0
spoken,0
gist,0
respect,0
dignity,0
gimme,0
clocks,0
hadn't,0
attached,0
gals,0
faster,0
rite,0
mayb,0
pa,0
operate,0
prayers,0
add,0
fast,0
opportunity,0
tonite,0
neglect,0
twice,0
steak,0
sleep,0
menu,0
dorm,0
dehydration,0
gpu,0
entrepreneurs,0
corporation,0
hurts,0
gap,0
prevent,0
fluids,0
stress,0
weird,0
felt,0
sum,0
sms'd,0
rain,0
trek,0
cuz,0
looks,0
poop,0
becoz,0
law,0
loves,0
smiling,0
farm,0
bold,0
torch,0
imprtant,0
map,0
building,0
crying,0
havent,0
planning,0
lido,0
pours,0
gym,0
harri,0
aftr,0
attributed,0
shitstorm,0
timing,0
stand,0
another,0
seems,0
spent,0
afternoon,0
datz,0
hurried,0
dey,0
students,0
ws,0
aeroplane,0
drivin,0
casualty,0
means,0
receipts,0
sit,0
includes,0
calld,0
wer,0
professors,0
aeronautics,0
height,0
sheets,0
smile,0
pleasure,0
trouble,0
mom,0
better,0
lying,0
lucyxx,0
feed,0
hotmail,0
yijue,0
msn,0
haf,0
victoria,0
bak,0
unconscious,0
buying,0
predict,0
mu,0
sao,0
transport,0
less,0
tat,0
befor,0
forgiven,0
sory,0
frm,0
realy,0
soryda,0
activities,0
mls,0
prabha,0
simple,0
syrup,0
stylish,0
matured,0
character,0
spl,0
silent,0
problematic,0
adults,0
develop,0
buttons,0
malaria,0
bani,0
probably,0
fat,0
fingers,0
food,0
doesn't,0
behave,0
ummmmmaah,0
returns,0
sweet,0
tirupur,0
directly,0
school,0
hoping,0
wocay,0
pocay,0
faggot,0
apples,0
pairs,0
malarky,0
lady,0
pretty,0
island,0
x'm,0
tacos,0
pickle,0
shall,0
elsewhere,0
ebay,0
abnormally,0
kusruthi,0
jada,0
opinion,0
fb,0
gud,0
mcr,0
taste,0
hearts,0
occupy,0
jaykwon,0
significance,0
thuglyfe,0
falconerf,0
somtimes,0
coz,0
persons,0
depends,0
thinking,0
machi,0
tension,0
head,0
wise,0
ni,0
infront,0
broken,0
staff,0
ja,0
ummma,0
differ,0
banks,0
transfered,0
flat,0
qatar,0
pray,0
boye,0
account's,0
dry,0
dreading,0
rent,0
fees,0
lazy,0
anthony,0
type,0
lect,0
pouch,0
sir,0
swt,0
hyde,0
westshore,0
outside,0
nver,0
dat's,0
water,0
reunion,0
fish,0
tired,0
went,0
lolnice,0
nuerologist,0
fighting,0
reache,0
lovable,0
rec,0
jackson,0
accenture,0
monday,0
nope,0
meh,0
famous,0
ability,0
jokes,0
izzit,0
snake,0
bites,0
dancing,0
frnt,0
sayin,0
bite,0
wife,0
meive,0
kids,0
scotland,0
showing,0
jjc,0
tendencies,0
headache,0
unfortuntly,0
walkin,0
marriage,0
arngd,0
arguing,0
door,0
goggles,0
lab,0
clean,0
sch,0
mum,0
yar,0
missy,0
dick,0
slap,0
scream,0
daddy,0
quit,0
hardly,0
unconditionally,0
worry,0
present,0
ar,0
blastin,0
tsunamis,0
occur,0
busy,0
rajnikant,0
gotany,0
stopped,0
swimming,0
indian,0
ocean,0
noon,0
la,0
mum's,0
pie,0
train,0
exhausted,0
plural,0
stands,0
prix,0
grand,0
noun,0
research,0
cos,0
scared,0
mah,0
loud,0
biola's,0
yi,0
srsly,0
ey,0
ridden,0
oooh,0
sink,0
bloke's,0
weddin,0
btw,0
alibi,0
cutting,0
imagine,0
ninish,0
ratio,0
potato,0
friday,0
paces,0
hurry,0
goodo,0
english,0
cali,0
apologise,0
invitation,0
tortilla,0
cooped,0
rather,0
recovery,0
bash,0
mine,0
oclock,0
confidence,0
needed,0
temper,0
hmm,0
uncle,0
losing,0
milk,0
morrowxxxx,0
broth,0
essential,0
mrw,0
tix,0
fuck,0
barely,0
geeeee,0
brownie,0
mei,0
dunno,0
attention,0
flew,0
ex,0
aiyo,0
online,0
thesedays,0
sunscreen,0
magic,0
mutations,0
causes,0
uv,0
likely,0
tats,0
cabin,0
fowler,0
silly,0
perhaps,0
ramen,0
pan,0
weight,0
loose,0
maintaining,0
forum,0
shattered,0
interfued,0
listed,0
apology,0
hustle,0
forth,0
audition,0
harlem,0
workout,0
fats,0
hui,0
xin,0
lib,0
difference,0
versus,0
muchxxlove,0
locaxx,0
skateboarding,0
despite,0
thrown,0
winds,0
bandages,0
virtual,0
blank,0
macho,0
alrite,0
outdoors,0
cyclists,0
adi,0
entey,0
nattil,0
kittum,0
relax,0
kavalan,0
hire,0
hitman,0
mood,0
cps,0
causing,0
outages,0
conserve,0
voted,0
epi,0
bare,0
bhaskar,0
gong,0
kaypoh,0
basketball,0
senthil,0
apnt,0
pants,0
langport,0
nusstu,0
legs,0
bari,0
hudgi,0
yorge,0
pataistha,0
ertini,0
associate,0
rip,0
uterus,0
pool,0
jacuzzi,0
aldrine,0
sources,0
unhappiness,0
necesity,0
witout,0
hw'd,0
colleg,0
wth,0
cell,0
domain,0
specify,0
catches,0
attracts,0
merely,0
relationship,0
wherevr,0
forevr,0
gudnyt,0
mistakes,0
plum,0
lives,0
formatting,0
brothas,0
lubly,0
vegas,0
soc,0
bsn,0
advising,0
lobby,0
texted,0
showered,0
ything,0
vewy,0
pesky,0
uneventful,0
equally,0
placement,0
resolution,0
frank,0
windows,0
logoff,0
parkin,0
kent,0
vale,0
cann't,0
asa,0
prince,0
charming,0
arnt,0
xxxxxxxxxxxxxx,0
alle,0
mone,0
fundamentals,0
whoever,0
noi,0
js,0
burgundy,0
captaining,0
wherre's,0
everybody's,0
inform,0
entropication,0
level,0
board,0
overheating,0
reslove,0
inst,0
outta,0
notixiquating,0
laxinorficated,0
bambling,0
oblisingately,0
wisdom,0
opted,0
masteriastering,0
amplikater,0
fidalfication,0
plaxigating,0
divert,0
wadebridge,0
vill,0
seeking,0
base,0
amrita,0
twins,0
raise,0
forums,0
ny's,0
taj,0
lesser,0
known,0
facts,0
mumtaz,0
shahjahan's,0
wifes,0
shahjahan,0
mumtaz's,0
arises,0
hari,0
webadres,0
geting,0
ship,0
maturity,0
confirmed,0
passport,0
multiply,0
independently,0
flea,0
inpersonation,0
jaya,0
pounded,0
profile,0
bpo,0
hoped,0
that'd,0
scenario,0
spun,0
wrld,0
tyler,0
sooooo,0
sabarish,0
airtel,0
broadband,0
installation,0
tensed,0
coughing,0
warned,0
sprint,0
prolly,0
gower,0
functions,0
events,0
espe,0
fieldof,0
qi,0
suddenly,0
flurries,0
melt,0
eek,0
born,0
perform,0
cards,0
smiles,0
rebooting,0
nigh,0
nooooooo,0
cable,0
outage,0
sos,0
playin,0
guoyang,0
rahul,0
dengra,0
strike,0
antelope,0
shorts,0
tongued,0
proper,0
agency,0
hooked,0
formally,0
praying,0
multimedia,0
vague,0
accounting,0
delayed,0
discuss,0
housing,0
renting,0
radiator,0
usc,0
presents,0
nicky,0
gumby's,0
sized,0
cab,0
steps,0
limited,0
cardiff,0
toplay,0
selfindependence,0
smiley,0
contention,0
continent,0
emerging,0
fiend,0
impede,0
hesitant,0
sumthin,0
tram,0
vic,0
market,0
coherently,0
gran,0
onlyfound,0
afew,0
cusoon,0
honi,0
university,0
southern,0
california,0
rayan,0
macleran,0
balls,0
nimbomsons,0
dizzamn,0
newport,0
heater,0
borderline,0
possibility,0
grooved,0
affairs,0
mising,0
lanre,0
fakeye's,0
eckankar,0
callin,0
degrees,0
nationwide,0
dodgey,0
seing,0
funky,0
asssssholeeee,0
ceri,0
rebel,0
dreamz,0
buddy,0
blokes,0
theoretically,0
enemies,0
cared,0
section,0
forgiveness,0
fruit,0
stone,0
glo,0
timi,0
fishrman,0
sack,0
stones,0
strtd,0
throwin,0
atlast,0
physics,0
praveesh,0
delicious,0
lower,0
salad,0
desert,0
beers,0
whore,0
flood,0
beads,0
stayed,0
ouch,0
uup,0
terrorist,0
irritated,0
wrd,0
wthout,0
takecare,0
univ,0
rajas,0
burrito,0
asks,0
disconnect,0
confirmd,0
gloucesterroad,0
verified,0
cnn,0
ibn,0
stitch,0
trouser,0
synced,0
shangela,0
hppnss,0
poo,0
wishlist,0
nitro,0
hearted,0
sold,0
bunch,0
lotto,0
bird,0
purchases,0
authorise,0
payment,0
gimmi,0
goss,0
ystrday,0
chile,0
subletting,0
ammae,0
steering,0
excuses,0
cuddling,0
sleeps,0
rounder,0
required,0
zoom,0
cheese,0
pure,0
ipad,0
spot,0
yuou,0
vivek,0
creative,0
reffering,0
getiing,0
weirdy,0
brownies,0
restrict,0
anythin,0
funeral,0
audrey,0
brah,0
someday,0
possession,0
setting,0
definite,0
greece,0
protect,0
sib,0
sensitive,0
passwords,0
recorded,0
katexxx,0
outfor,0
aretaking,0
decking,0
enketa,0
maraikara,0
priest,0
reserves,0
intrude,0
walkabout,0
cashed,0
announced,0
blog,0
prove,0
footie,0
phil,0
neville,0
abbey,0
returning,0
knowing,0
punj,0
cancelled,0
sacked,0
barred,0
twat,0
pathaya,0
hill,0
victors,0
fal,0
expert,0
sigh,0
surprised,0
cafe,0
thinl,0
standing,0
importantly,0
tightly,0
wnevr,0
vth,0
winterstone,0
books,0
window,0
edu,0
sg,0
phyhcmk,0
emigrated,0
hopeful,0
olol,0
stagwood,0
dungerees,0
punch,0
foot,0
mentionned,0
casing,0
opened,0
batch,0
sweetie,0
describe,0
awake,0
asus,0
reformat,0
otside,0
plumbers,0
tape,0
wrench,0
bcum,0
appeal,0
thriller,0
director,0
size,0
elephant,0
shove,0
um,0
pookie,0
hdd,0
count,0
tagged,0
kodthini,0
planned,0
grl,0
hogolo,0
kodstini,0
agalla,0
madstini,0
hogli,0
mutai,0
eerulli,0
thasa,0
rang,0
messed,0
tex,0
mecause,0
werebored,0
okden,0
uin,0
likeyour,0
updat,0
countinlots,0
penis,0
isaiah,0
nri,0
fools,0
nvq,0
grinder,0
buyers,0
entirely,0
understood,0
bottom,0
underwear,0
onluy,0
matters,0
offcampus,0
ew,0
wesley,0
how've,0
lingo,0
l'm,0
hm,0
salon,0
approaching,0
sankranti,0
republic,0
shivratri,0
possibly,0
giggle,0
senor,0
chinnu,0
ikno,0
doesdiscount,0
shitinnit,0
jabo,0
abi,0
sapna,0
manege,0
y'd,0
hogidhe,0
swalpa,0
fo,0
agidhane,0
footbl,0
swell,0
tim,0
bollox,0
tol,0
pocy,0
bell,0
non,0
ugadi,0
independence,0
steal,0
teachers,0
waves,0
footprints,0
clearing,0
fox,0
frndsship,0
dwn,0
slaaaaave,0
summon,0
changes,0
appendix,0
range,0
delete,0
smiled,0
answered,0
topic,0
webpage,0
yeesh,0
gopalettan,0
participate,0
admin,0
andros,0
shore,0
crab,0
bothering,0
joys,0
childrens,0
festival,0
dasara,0
mornings,0
afternoons,0
evenings,0
rememberi,0
your's,0
raj,0
lifeis,0
lennon,0
daywith,0
somewheresomeone,0
tosend,0
greeting,0
selflessness,0
initiate,0
tallent,0
wasting,0
record,0
deserve,0
myparents,0
postponed,0
batsman,0
yetty's,0
jiayin,0
kisses,0
walmart,0
forgotten,0
reverse,0
cheating,0
mathematics,0
waxsto,0
basic,0
emailed,0
yifeng,0
slurp,0
minimum,0
taxi,0
brainless,0
doll,0
vehicle,0
sariyag,0
madoke,0
sac,0
lightly,0
embassy,0
matra,0
ondu,0
keluviri,0
maretare,0
inde,0
dodda,0
problum,0
nalli,0
siguviri,0
idu,0
neglet,0
spaces,0
ijust,0
talked,0
gei,0
tron,0
dl,0
selfish,0
craving,0
supose,0
babysit,0
barolla,0
elaine,0
kalisidare,0
tiime,0
ias,0
obey,0
uhhhhrmm,0
mb,0
youphone,0
athome,0
youwanna,0
jack,0
helpful,0
pretend,0
hypotheticalhuagauahahuagahyuhagga,0
brainy,0
occasion,0
celebrated,0
reflection,0
values,0
desires,0
affections,0
traditions,0
cantdo,0
anythingtomorrow,0
tis,0
ths,0
monster,0
mess,0
afternon,0
resizing,0
somerset,0
overtime,0
nigpun,0
dismissial,0
screwd,0
bull,0
floating,0
heehee,0
crisis,0
arithmetic,0
percentages,0
wouldn't,0
chillaxin,0
das,0
iknow,0
wellda,0
peril,0
studentfinancial,0
olage,0
ivatte,0
tight,0
engin,0
allowed,0
necessary,0
watever,0
shared,0
squeeeeeze,0
hug,0
lik,0
frndshp,0
luvd,0
volcanoes,0
erupt,0
lighters,0
lasagna,0
chickened,0
messaged,0
woould,0
drove,0
deus,0
tap,0
spile,0
broad,0
swimsuit,0
reservations,0
feng,0
auto,0
lick,0
mouth,0
diddy,0
neighbor,0
toothpaste,0
av,0
poking,0
everyday,0
curious,0
mus,0
tai,0
windy,0
mahal,0
tirunelvai,0
bet,0
dusk,0
puzzles,0
recycling,0
earning,0
ding,0
canal,0
edge,0
janarige,0
raviyog,0
babysitting,0
gonnamissu,0
postcard,0
buttheres,0
aboutas,0
merememberin,0
asthere,0
ofsi,0
breakin,0
yaxx,0
ee,0
poortiyagi,0
odalebeku,0
hanumanji,0
hanuman,0
bajarangabali,0
maruti,0
pavanaputra,0
sankatmochan,0
ramaduth,0
mahaveer,0
everyones,0
answering,0
easier,0
cooked,0
peripherals,0
bhayandar,0
east,0
sunoco,0
howard,0
plate,0
leftovers,0
hang,0
starving,0
cheat,0
moved,0
fatty,0
badrith,0
owe,0
checkin,0
smoking,0
wylie,0
justify,0
ruining,0
meds,0
woo,0
hoo,0
panties,0
taka,0
dip's,0
gek,0
world's,0
happiest,0
characters,0
differences,0
lists,0
tyler's,0
antibiotic,0
abdomen,0
gynae,0
infections,0
exposed,0
chastity,0
device,0
beatings,0
uses,0
effects,0
gut,0
wrenching,0
fuck's,0
joker,0
decent,0
cruel,0
bomb,0
shoppin,0
inshah,0
ashley,0
increase,0
demand,0
north,0
carolina,0
texas,0
stretch,0
powerful,0
terror,0
weapon,0
lovly,0
clas,0
lit,0
loooooool,0
couch,0
celebration,0
rents,0
swashbuckling,0
tallahassee,0
solihull,0
photoshop,0
regret,0
secure,0
james,0
farting,0
somethin,0
ortxt,0
woot,0
stuffing,0
ahhhh,0
cme,0
hos,0
collapsed,0
cumming,0
jade,0
paul,0
barmed,0
thinkthis,0
dangerous,0
rushing,0
coulda,0
eta,0
hmph,0
varma,0
mailed,0
frontierville,0
toaday,0
nhs,0
terminated,0
inconvenience,0
dentists,0
parent,0
child's,0
unintentional,0
nonetheless,0
hooch,0
fell,0
chapel,0
splat,0
grazed,0
knees,0
hearin,0
yah,0
hopeing,0
sisters,0
congratulation,0
court,0
manageable,0
themes,0
woulda,0
ashes,0
bw,0
surly,0
dokey,0
mmmmmmm,0
snuggles,0
contented,0
whispers,0
healthy,0
sticky,0
scraped,0
barrel,0
misfits,0
art,0
sleepin,0
sections,0
clearer,0
peach,0
tasts,0
minor,0
shindig,0
phonebook,0
iriver,0
wewa,0
sometext,0
ettans,0
anythiing,0
lock,0
keypad,0
btwn,0
decades,0
goverment,0
expects,0
spice,0
prasanth,0
appy,0
freinds,0
fizz,0
contains,0
genus,0
robinson,0
print,0
outs,0
soz,0
imat,0
mums,0
rocking,0
xin's,0
rats,0
shijutta,0
mina,0
miwa,0
opposite,0
heavily,0
dolls,0
patrick,0
swayze,0
miserable,0
quarter,0
delay,0
oga,0
situations,0
loosing,0
smaller,0
capacity,0
checkmate,0
chess,0
persian,0
phrase,0
shah,0
maat,0
denis,0
complacent,0
gailxx,0
stressfull,0
bbd,0
ovulate,0
woah,0
realising,0
orh,0
hides,0
thousands,0
secrets,0
canteen,0
adds,0
lou,0
pleasured,0
providing,0
assistance,0
whens,0
relation,0
built,0
lonlines,0
lotz,0
memories,0
punto,0
ayo,0
drunken,0
sall,0
overdid,0
port,0
step,0
stuffs,0
juswoke,0
boatin,0
docks,0
spinout,0
uworld,0
qbank,0
assessment,0
prey,0
devouring,0
temales,0
finishd,0
studies,0
anyones,0
swoop,0
treadmill,0
craigslist,0
absolutely,0
musta,0
leg,0
splash,0
karnan,0
patients,0
turkeys,0
helens,0
princes,0
unintentionally,0
wenever,0
bawling,0
failure,0
failing,0
bluray,0
awkward,0
crash,0
salt,0
logging,0
geoenvironmental,0
implications,0
fuuuuck,0
salmon,0
uploaded,0
wrkin,0
swan,0
hehe,0
owed,0
shexy,0
resolved,0
pride,0
kid,0
grownup,0
costume,0
jerk,0
stink,0
openings,0
upcharge,0
guai,0
jogging,0
bottle,0
amused,0
astrology,0
slacking,0
filling,0
mentor,0
sane,0
helping,0
spacebucks,0
weather's,0
sterm,0
neither,0
wicket,0
beendropping,0
foward,0
misundrstud,0
genes,0
when's,0
resuming,0
reapply,0
treatin,0
treacle,0
mumhas,0
theplace,0
steyn,0
adress,0
favorite,0
oyster,0
sashimi,0
rumbling,0
marandratha,0
correctly,0
pisces,0
aquarius,0
unlike,0
diapers,0
travelled,0
thnov,0
opener,0
basically,0
guides,0
watched,0
skyving,0
dad's,0
onwords,0
mtnl,0
mumbai,0
rajitha,0
ranju,0
styles,0
slp,0
muah,0
afterwards,0
vivekanand,0
uawake,0
feellikw,0
justfound,0
aletter,0
thatmum,0
liver,0
sometime,0
younger,0
noise,0
toyota,0
camry,0
olayiwola's,0
mileage,0
landing,0
clover,0
achan,0
te,0
puppy,0
sarasota,0
preponed,0
crossing,0
inconvenient,0
adsense,0
approved,0
dudette,0
perumbavoor,0
stage,0
cherish,0
clarify,0
gotmarried,0
ourbacks,0
changing,0
fuckinnice,0
aslamalaikkum,0
tohar,0
beeen,0
muht,0
albi,0
mufti,0
mahfuuz,0
enufcredeit,0
tocall,0
ileave,0
treats,0
okors,0
ibored,0
adding,0
zeros,0
savings,0
sday,0
grocers,0
pubs,0
frankie,0
bennys,0
reassurance,0
humanities,0
responsibilities,0
worms,0
rearrange,0
dormitory,0
astronomer,0
starer,0
election,0
lies,0
recount,0
hitler,0
eleven,0
andre,0
eva,0
gokila,0
shanil,0
kotees,0
hassling,0
andres,0
haughaighgtujhyguj,0
fassyole,0
blacko,0
londn,0
hide,0
vijaykanth,0
thout,0
courage,0
portege,0
semiobscure,0
loosu,0
careless,0
freaking,0
myspace,0
logged,0
blur,0
clothes,0
lush,0
fumbling,0
taunton,0
weekdays,0
haiz,0
nails,0
nobody's,0
sarcastic,0
faggy,0
common,0
asia,0
expensive,0
toshiba,0
ugo's,0
bimbo,0
eviction,0
enjoying,0
kfc,0
meals,0
gravy,0
attended,0
mw,0
filled,0
tuth,0
mine's,0
spiral,0
lay,0
michael,0
riddance,0
suffers,0
skye,0
bookedthe,0
hut,0
drastic,0
garments,0
sez,0
greatest,0
bear,0
lunsford,0
defeat,0
parish,0
magazine,0
awww,0
useless,0
loo,0
ed,0
shelf,0
captain,0
stu,0
truble,0
evone,0
hates,0
mokka,0
view,0
gays,0
dual,0
hostile,0
haircut,0
breezy,0
apple,0
tulsi,0
avenue,0
woodland,0
motherfucker,0
spin,0
stil,0
fucked,0
tobed,0
beauty,0
pimples,0
connections,0
asthma,0
attack,0
moving,0
haiyoh,0
brison,0
aunty's,0
prsn,0
sunlight,0
audiitions,0
relocate,0
pocked,0
motivating,0
sharing,0
wud,0
across,0
freedom,0
lemon,0
absence,0
sporadically,0
avoiding,0
burden,0
actual,0
harder,0
nbme,0
sickness,0
sathya,0
gam,0
smash,0
religiously,0
lemme,0
dealing,0
doc,0
fiting,0
load,0
mj,0
remain,0
unconvinced,0
elaborate,0
willpower,0
coco,0
kalaachutaarama,0
enna,0
wknd,0
flatter,0
pints,0
carlin,0
literally,0
starve,0
impression,0
motivate,0
behind,0
darkness,0
yalrigu,0
student,0
heltini,0
iyo,0
kothi,0
uttered,0
trusting,0
noice,0
esaplanade,0
prof,0
sem,0
value,0
answerin,0
dealer,0
reasonable,0
kip,0
hont,0
nannys,0
eaten,0
puts,0
perspective,0
conveying,0
debating,0
guessing,0
jb,0
mmmmmm,0
joke's,0
florida,0
hidden,0
royal,0
lag,0
tog,0
teams,0
swhrt,0
general,0
jetton,0
shite,0
infact,0
depression,0
amrca,0
prin,0
ashwini,0
thet,0
skinny,0
casting,0
elections,0
hlday,0
looked,0
camp,0
serena,0
familiar,0
prescribed,0
adore,0
approve,0
panalam,0
fortune,0
allday,0
piss,0
perf,0
outsider,0
leaf,0
bone,0
firmware,0
surrender,0
grumble,0
linear,0
algebra,0
decorating,0
roomate,0
graduated,0
notting,0
clearly,0
thanku,0
guessed,0
loss,0
gain,0
beside,0
brisk,0
walks,0
tellmiss,0
sorting,0
party's,0
urgh,0
derek,0
beverage,0
posting,0
meets,0
tops,0
undrstnd,0
erutupalam,0
thandiyachu,0
invention,0
lyrics,0
nevr,0
unrecognized,0
somone,0
valuing,0
definitly,0
ger,0
looovvve,0
toking,0
syd,0
khelate,0
kintu,0
opponenter,0
dhorte,0
lage,0
fried,0
spares,0
pist,0
symptoms,0
wenwecan,0
beloved,0
sumfing,0
puttin,0
managed,0
oxygen,0
resort,0
roller,0
shoes,0
showr,0
ceiling,0
presnts,0
bcz,0
mis,0
jeevithathile,0
irulinae,0
neekunna,0
prakasamanu,0
sne,0
prakasam,0
ennal,0
mns,0
blowing,0
applyed,0
heat,0
phoned,0
rows,0
rdy,0
realise,0
backwards,0
abstract,0
sunny,0
africa,0
avin,0
quiteamuzing,0
scool,0
engagement,0
wasnt,0
fixd,0
njan,0
vilikkam,0
sudn,0
maths,0
chapter,0
chop,0
noooooooo,0
split,0
efficient,0
wannatell,0
problms,0
convinced,0
parantella,0
hugging,0
sweater,0
mango,0
massive,0
involved,0
absolutly,0
consent,0
forms,0
mathews,0
tait,0
edwards,0
anderson,0
haunt,0
promoting,0
crowd,0
baaaaaaaabe,0
shola,0
academic,0
qet,0
browser,0
sandiago,0
ujhhhhhhh,0
prayrs,0
mesages,0
litres,0
watr,0
diseases,0
snd,0
lavender,0
manky,0
scouse,0
steve,0
epsilon,0
judgemental,0
dsn't,0
fridays,0
waheeda,0
bot,0
notes,0
eventually,0
tolerance,0
hellogorgeous,0
evry,0
emotion,0
surf,0
conversations,0
talkbut,0
senses,0
dom,0
ffffuuuuuuu,0
annie,0
julianaland,0
oblivious,0
ear,0
dehydrated,0
mapquest,0
dogwood,0
tiny,0
parking,0
suppose,0
archive,0
easily,0
lengths,0
behalf,0
stunning,0
visa,0
gucci,0
sozi,0
culdnt,0
denying,0
laready,0
flavour,0
spoon,0
overemphasise,0
internal,0
extract,0
immed,0
skint,0
fancied,0
bevies,0
waz,0
othrs,0
watchng,0
grasp,0
comfey,0
quitting,0
wudn't,0
coast,0
frequently,0
cupboard,0
route,0
mro,0
risk,0
nowhere,0
jet,0
iter,0
intend,0
contacts,0
remembrs,0
forgets,0
everytime,0
joy's,0
mandan,0
regarding,0
textbook,0
algorithms,0
edition,0
selling,0
buns,0
atlanta,0
recharge,0
fills,0
gaps,0
holding,0
arun,0
transfr,0
takin,0
philosophy,0
muchand,0
dileep,0
hw,0
habit,0
iwana,0
wotu,0
doin,0
thew,0
haventcn,0
nething,0
dine,0
slowly,0
becomes,0
panren,0
habba,0
paru,0
chuckin,0
trainners,0
carryin,0
bac,0
schedule,0
dhanush,0
needing,0
stuck,0
iwas,0
theacusations,0
marine,0
fellow,0
something's,0
dying,0
lifting,0
teresa,0
dec,0
ld,0
bam,0
aid,0
usmle,0
squishy,0
mwahs,0
prominent,0
cheek,0
september,0
husband,0
list,0
joanna,0
social,0
comingdown,0
replacement,0
shrek,0
ccna,0
sian,0
stable,0
itried,0
urmom,0
careabout,0
desparate,0
learned,0
fake,0
force,0
iraq,0
afghanistan,0
honest,0
jess,0
traveling,0
pai,0
seh,0
combine,0
parts,0
walsall,0
tue,0
terry,0
chatting,0
itxt,0
downon,0
sts,0
eatin,0
fourth,0
dimension,0
meaningful,0
compromised,0
mornin,0
dub,0
je,0
toughest,0
acting,0
unspoken,0
ideas,0
sight,0
squatting,0
cramps,0
nan,0
sonathaya,0
soladha,0
boss,0
raping,0
dudes,0
poker,0
phasing,0
spageddies,0
inside,0
somewhat,0
adoring,0
shiny,0
comedy,0
switch,0
dammit,0
lead,0
thts,0
wright,0
fly,0
event,0
mostly,0
laden,0
spontaneously,0
others,0
goodevening,0
file,0
lei,0
posted,0
waking,0
partnership,0
weightloss,0
mushy,0
calm,0
embarrassed,0
mi,0
unknown,0
album,0
classmates,0
fires,0
missionary,0
hook,0
entertaining,0
hugh,0
laurie,0
stick,0
indeed,0
praps,0
jon,0
chillin,0
jen,0
maangalyam,0
alaipayuthe,0
complaining,0
finn's,0
di,0
stereo,0
promises,0
muz,0
slovely,0
priya,0
father,0
messy,0
kilos,0
accidant,0
tookplace,0
ghodbandar,0
traffic,0
moves,0
slip,0
fren,0
wkg,0
nus,0
sc,0
specialise,0
wad,0
likes,0
dislikes,0
keeps,0
queen,0
murali,0
engalnd,0
grins,0
lb,0
fringe,0
distract,0
antha,0
corrct,0
dane,0
basket's,0
proof,0
rupaul,0
practising,0
curtsey,0
yeh,0
def,0
memory,0
mon,0
converted,0
african,0
soil,0
major,0
roles,0
outreach,0
mel,0
length,0
amk,0
arul,0
feathery,0
asshole,0
grab,0
payback,0
honeybee,0
sweetest,0
laughed,0
havnt,0
crack,0
tescos,0
bowa,0
trade,0
infra,0
nvm,0
gep,0
delhi,0
thinkin,0
boat,0
moms,0
shhhhh,0
related,0
birth,0
brilliantly,0
wrks,0
forwarding,0
cereals,0
infernal,0
affair,0
including,0
calicut,0
thkin,0
parco,0
nb,0
resubbing,0
shadow,0
breadstick,0
training,0
purple,0
lyk,0
yelow,0
bck,0
brown,0
color,0
arranging,0
eldest,0
who's,0
lo,0
jot,0
sitting,0
madurai,0
intention,0
rules,0
responsibility,0
bend,0
rule,0
thia,0
inlude,0
previews,0
ambrith,0
dha,0
subtoitles,0
marrge,0
onwards,0
anybody's,0
theatre,0
obviously,0
satsgettin,0
lie,0
apologize,0
pei,0
monkey,0
deduct,0
telly,0
fights,0
supports,0
srt,0
thnk,0
ps,0
jontin,0
pen,0
beyond,0
biro,0
masters,0
excuse,0
jog,0
lark,0
station's,0
uh,0
lim,0
vday,0
parachute,0
placed,0
build,0
snowman,0
angels,0
deep,0
sh,0
wicked,0
reception,0
mia,0
elliot,0
kissing,0
wipro,0
matric,0
toa,0
payoh,0
payments,0
fedex,0
blood,0
pulls,0
hate,0
entertain,0
waheed,0
fathima,0
mmmm,0
weaknesses,0
pushes,0
knee's,0
exposes,0
snowball,0
ello,0
mary,0
ikea,0
idea's,0
anyplaces,0
stops,0
hella,0
cleaning,0
priority,0
constantly,0
ecstasy,0
flies,0
hittng,0
reflex,0
lousy,0
cat,0
woken,0
jazz,0
hip,0
yogasana,0
adewale,0
aka,0
egbon,0
ic,0
scratching,0
nigro,0
avatar,0
fffff,0
ofice,0
cn,0
duffer,0
grr,0
prescription,0
pharmacy,0
cook,0
electricity,0
kadeem,0
disturbing,0
fujitsu,0
lifebook,0
scold,0
zhong,0
se,0
qing,0
act,0
hypertension,0
carry,0
reminding,0
buzz,0
sleepwell,0
silence,0
icicibank,0
urn,0
beware,0
frauds,0
share,0
disclose,0
kaiez,0
gee,0
option,0
beta,0
den,0
practicing,0
babies,0
beneath,0
pale,0
moon,0
goodnite,0
snickering,0
chords,0
rem,0
silver,0
payee,0
sinco,0
detailed,0
moral,0
tackle,0
storming,0
phne,0
meaning,0
margaret,0
girlfrnd,0
grahmbell,0
invnted,0
telphone,0
popped,0
shld,0
tonght,0
ploughing,0
pile,0
ironing,0
chinky,0
wi,0
nz,0
players,0
kidding,0
lmao,0
exams,0
thirunelvali,0
revision,0
twittering,0
restaurant,0
ducking,0
chinchillas,0
function,0
headstart,0
desperate,0
earlier,0
rummer,0
flying,0
monkeys,0
certainly,0
rajini,0
practical,0
spys,0
mails,0
yalru,0
lyfu,0
astne,0
innu,0
mundhe,0
fresh,0
bright,0
breeze,0
everybody,0
boyf,0
interviw,0
exeter,0
spreadsheet,0
idea,0
determine,0
entire,0
coat,0
painful,0
recognises,0
tues,0
wisheds,0
intrepid,0
duo,0
missin,0
guilty,0
juz,0
aiya,0
fact,0
addie,0
tirunelvali,0
reserve,0
ali,0
guide,0
goodnoon,0
vl,0
completing,0
ax,0
chill,0
surgical,0
emergency,0
unfolds,0
scrounge,0
frens,0
korean,0
leona's,0
fredericksburg,0
que,0
pases,0
buen,0
tiempo,0
bugis,0
theres,0
tmrw,0
compass,0
cares,0
walls,0
canada,0
watevr,0
idiot,0
girlie,0
bigger,0
darker,0
styling,0
whenevr,0
gray,0
remembr,0
listn,0
shd,0
syria,0
minus,0
paragraphs,0
coveragd,0
urgnt,0
vasai,0
retard,0
february,0
rush,0
icic,0
soul,0
gnun,0
shot,0
baaaaabe,0
reaching,0
tp,0
bbq,0
fill,0
bar,0
write,0
cover,0
screen,0
gently,0
auntie,0
huai,0
juan,0
dnt,0
tlk,0
ideal,0
path,0
appear,0
front,0
paths,0
walking,0
arm,0
dance,0
steamboat,0
suntec,0
blackberry,0
misss,0
youuuuu,0
ned,0
convince,0
tht,0
witot,0
hurting,0
main,0
loverboy,0
buyer,0
arrested,0
pple,0
marry,0
becz,0
undrstndng,0
avoids,0
problems,0
chain,0
suffer,0
whn,0
lyf,0
halla,0
animal,0
venaam,0
satanic,0
imposter,0
companion,0
chef,0
listener,0
organizer,0
boyfriend,0
sympathetic,0
athletic,0
courageous,0
determined,0
dependable,0
psychologist,0
pest,0
exterminator,0
psychiatrist,0
healer,0
stylist,0
driver,0
aaniye,0
freaked,0
reacting,0
idk,0
excellent,0
rhythm,0
establish,0
truro,0
ext,0
gas,0
cloth,0
pack,0
tablets,0
sunroof,0
finishing,0
nosy,0
doors,0
acted,0
blanked,0
whatever,0
image,0
rumour,0
apartment,0
kalainar,0
thenampet,0
pudunga,0
chez,0
pierre,0
jules,0
patty,0
haul,0
wildlife,0
worzels,0
wizzle,0
dippeditinadew,0
shanghai,0
instead,0
cya,0
freezing,0
thnx,0
sef,0
anjie,0
fring,0
flaky,0
loving,0
laughing,0
winning,0
tooo,0
wating,0
talents,0
cheque,0
blessings,0
gods,0
millers,0
hhahhaahahah,0
nig,0
leonardo,0
derek's,0
kicks,0
strain,0
dime,0
withdraw,0
anyhow,0
fire,0
blame,0
spark,0
flame,0
rawring,0
xoxo,0
somewhr,0
crushes,0
honeymoon,0
outfit,0
propose,0
cardin,0
totes,0
ke,0
lovin,0
vomit,0
aint,0
sha,0
cold,0
vitamin,0
centre,0
messenger,0
crucial,0
host,0
based,0
idps,0
linux,0
systems,0
converter,0
testing,0
sayy,0
loved,0
except,0
nit,0
eight,0
hows,0
investigate,0
musthu,0
evng,0
nature,0
bilo,0
program,0
edhae,0
twelve,0
aah,0
prone,0
permission,0
wonders,0
personality,0
dose,0
purity,0
tablet,0
fever,0
incomm,0
keeping,0
google,0
maps,0
tiring,0
modules,0
concentrating,0
glasgow,0
corect,0
kegger,0
speling,0
evrey,0
splleing,0
wrnog,0
sitll,0
raed,0
wihtuot,0
ayn,0
mitsake,0
conference,0
degree,0
joining,0
finance,0
shant,0
jia,0
bishan,0
nearer,0
sux,0
raiden,0
buff,0
south,0
preferably,0
tihs,0
ese,0
jsut,0
shouting,0
sarcasm,0
squeezed,0
ron,0
cts,0
employee,0
aunt,0
nike,0
sooo,0
screaming,0
dang,0
exmpel,0
unfortunately,0
difficult,0
earliest,0
nordstrom,0
konw,0
waht,0
rael,0
gving,0
yuo,0
drugdealer,0
wondarfull,0
history,0
kochi,0
eachother,0
luckily,0
starring,0
innocent,0
mental,0
marrow,0
hon,0
breakfast,0
unni,0
lacking,0
particular,0
dramastorm's,0
forfeit,0
treated,0
urself,0
digi,0
sundayish,0
tiwary,0
rcb,0
battle,0
dabooks,0
meetin,0
wrk,0
bc,0
aspects,0
department,0
hr,0
conform,0
flow,0
developed,0
ovarian,0
cysts,0
shrink,0
dosomething,0
upping,0
grams,0
timin,0
apes,0
gosh,0
iam,0
rimac,0
arestaurant,0
squid,0
bang,0
cancer,0
elaborating,0
checkup,0
needy,0
pouts,0
stomps,0
nort,0
pton,0
abj,0
serving,0
playng,0
anna,0
nagar,0
yupz,0
ericson,0
der,0
luks,0
modl,0
cheesy,0
frosty,0
witin,0
shirts,0
nudist,0
themed,0
combination,0
ft,0
nalla,0
shaking,0
pap,0
smear,0
gobi,0
arts,0
pandy,0
technologies,0
dollar,0
pull,0
spending,0
booty,0
wednesday,0
floor,0
lil,0
scarcasim,0
naal,0
eruku,0
remains,0
bro,0
amongst,0
bros,0
safety,0
october,0
petrol,0
props,0
necessity,0
reppurcussions,0
cosign,0
hcl,0
requires,0
freshers,0
suman,0
telephonic,0
interview,0
indyarocks,0
dai,0
resume,0
cars,0
bids,0
fwiw,0
afford,0
happens,0
whr,0
maga,0
sq,0
yunny,0
ego,0
strange,0
struggling,0
ru,0
dessert,0
abeg,0
onum,0
rr,0
famamus,0
sry,0
furniture,0
easiest,0
barcelona,0
pansy,0
drama,0
jungle,0
kanji,0
srs,0
model,0
drizzling,0
appointments,0
shoving,0
papers,0
greetings,0
citylink,0
bognor,0
erm,0
splendid,0
environment,0
terrific,0
honestly,0
promptly,0
burnt,0
advice,0
em,0
someplace,0
goods,0
pressies,0
dr,0
superior,0
ultimately,0
tor,0
motive,0
tui,0
achieve,0
korli,0
dock,0
ruin,0
thesis,0
violence,0
grief,0
prior,0
residency,0
ktv,0
misplaced,0
computers,0
mmmmm,0
medicine,0
gotten,0
begun,0
registration,0
permanent,0
plenty,0
concern,0
relatives,0
deliver,0
amount,0
programs,0
belongs,0
fated,0
shoranur,0
incident,0
fuelled,0
pump,0
evr,0
payed,0
joy,0
transfred,0
acnt,0
nowadays,0
showrooms,0
shaping,0
attending,0
talks,0
probs,0
doinat,0
callon,0
ron's,0
swatch,0
internet,0
ganesh,0
dress,0
collecting,0
configure,0
anal,0
gang,0
pears,0
helloooo,0
harish's,0
groovying,0
groovy,0
smith,0
proverb,0
workin,0
fren's,0
choices,0
toss,0
coin,0
gudni,0
explicitly,0
nora,0
gayle,0
printer,0
crucify,0
cedar,0
key,0
twenty,0
dur,0
reserved,0
seat,0
painting,0
wall,0
welcomes,0
celebrate,0
avenge,0
sake,0
ignorant,0
mys,0
bruce,0
downs,0
fletcher,0
teaching,0
bowls,0
cozy,0
buzzzz,0
chest,0
vibrator,0
shake,0
covers,0
trends,0
pros,0
cons,0
brief,0
description,0
nuclear,0
fusion,0
fucks,0
machines,0
gary,0
everyboy,0
magical,0
dressed,0
oooooh,0
geva,0
humans,0
natural,0
studyn,0
wuld,0
mite,0
xxxxxxxx,0
icon,0
solved,0
answr,0
liquor,0
flaked,0
loko,0
tm,0
ing,0
laughs,0
fireplace,0
japanese,0
robs,0
west,0
arr,0
crashed,0
cuddled,0
sofa,0
chachi,0
pl,0
tiz,0
kanagu,0
prices,0
ringing,0
houseful,0
brats,0
pulling,0
diwali,0
tick,0
onion,0
tok,0
derp,0
lipo,0
easter,0
netflix,0
thgt,0
middle,0
avo,0
mag,0
public,0
palm,0
printing,0
handing,0
chase,0
stated,0
steam,0
reg,0
pract,0
flung,0
govt,0
ben,0
instituitions,0
justbeen,0
overa,0
brains,0
mush,0
tunde,0
missions,0
sleepy,0
dare,0
clash,0
oscar,0
note,0
rebtel,0
lasting,0
skype,0
wtc,0
weiyi,0
owns,0
property,0
passionate,0
teeth,0
paining,0
maggi,0
mee,0
miiiiiiissssssssss,0
tunji,0
iz,0
yellow,0
misscall,0
frndz,0
tall,0
doubt,0
handle,0
death,0
poured,0
possessiveness,0
showers,0
cthen,0
firefox,0
impressed,0
funs,0
exhaust,0
replacing,0
mittelschmertz,0
paracetamol,0
pee,0
arrived,0
enuff,0
creep,0
conclusion,0
contents,0
references,0
success,0
rugby,0
affidavit,0
twiggs,0
division,0
courtroom,0
suganya,0
offc,0
normally,0
caring,0
namous,0
cousin,0
frndship,0
raji,0
progress,0
continue,0
holy,0
weren't,0
bud,0
arty,0
collages,0
billion,0
classes,0
waliking,0
cartons,0
pleased,0
shelves,0
distance,0
mirror,0
youre,0
turning,0
atural,0
ntimate,0
ruthful,0
nearby,0
original,0
popping,0
ibuprofens,0
sip,0
grown,0
chinatown,0
porridge,0
specific,0
jaklin,0
cliffs,0
oble,0
pages,0
figures,0
ooh,0
thankyou,0
pending,0
aluable,0
ffectionate,0
oveable,0
ternal,0
freak,0
god's,0
outl,0
jod,0
yummmm,0
management,0
puzzeles,0
spoiled,0
threats,0
sales,0
shifad,0
raised,0
complaint,0
doctors,0
reminds,0
lk,0
role,0
lov,0
tolerat,0
bcs,0
comfort,0
checked,0
dust,0
watchin,0
meaningless,0
soup,0
newspapers,0
display,0
knocking,0
keris,0
smidgin,0
belive,0
intentions,0
empty,0
slots,0
accordin,0
discussed,0
no's,0
como,0
expecting,0
listened,0
plaid,0
hilarious,0
braindance,0
ofstuff,0
aphex,0
abel,0
nelson,0
bb's,0
yavnt,0
urgoin,0
brdget,0
favor,0
supplies,0
clever,0
guesses,0
attach,0
wasn't,0
washob,0
nobbing,0
nickey,0
platt,0
vikky,0
argh,0
spotty,0
xam,0
hall,0
manage,0
hesitation,0
intha,0
ponnungale,0
ipaditan,0
shitload,0
diamonds,0
lara,0
feet,0
rub,0
jason,0
onbus,0
donyt,0
latelyxxx,0
mca,0
wat's,0
moji,0
rich,0
wind,0
yor,0
cutest,0
vomiting,0
dice,0
howda,0
mathe,0
samachara,0
audrie,0
autocorrect,0
simulate,0
readiness,0
armand,0
tessy,0
nimya,0
dontmatter,0
shijas,0
kindly,0
documents,0
submitted,0
stapati,0
miles,0
cutie,0
hills,0
killed,0
b'd,0
ay,0
colleagues,0
honesty,0
specialisation,0
labor,0
shakara,0
beggar,0
smashed,0
dent,0
crickiting,0
thx,0
imin,0
occupied,0
table's,0
lololo,0
strongly,0
aunty,0
china,0
noisy,0
needa,0
mcat,0
manual,0
tech,0
reset,0
troubleshooting,0
sacrifice,0
waaaat,0
dog,0
morphine,0
requirements,0
stayin,0
sorted,0
getha,0
cld,0
prefer,0
nosh,0
roommate's,0
jones,0
bsnl,0
science,0
wasted,0
chiong,0
christ,0
dialogue,0
reltnship,0
wipe,0
tears,0
solve,0
murdered,0
questioned,0
cooking,0
gardener,0
vegetables,0
maid,0
neighbour,0
murderer,0
brilliant,0
pose,0
comb,0
dryer,0
fps,0
cl,0
roger,0
kay,0
kg,0
gin,0
beer,0
vodka,0
scotch,0
kudi,0
yarasu,0
dhina,0
vaazhthukkal,0
gained,0
sugar,0
whassup,0
pressure,0
limits,0
dumb,0
thangam,0
okey,0
doke,0
kills,0
neshanth,0
byatch,0
computational,0
push,0
brandy,0
tt,0
corrupt,0
itna,0
karo,0
ki,0
pura,0
padhe,0
torrents,0
particularly,0
slowing,0
commit,0
random,0
rightio,0
arent,0
brum,0
donno,0
scorable,0
brin,0
properly,0
sheet,0
complain,0
bettr,0
rights,0
politicians,0
blocked,0
directors,0
madam,0
settle,0
err,0
bloo,0
hitter,0
offline,0
anjola's,0
indians,0
swiss,0
lac,0
imf,0
crore,0
deposited,0
taxless,0
budget,0
jobs,0
lane,0
suply,0
projects,0
citizen,0
rum,0
wiskey,0
inever,0
posible,0
nahi,0
milta,0
worse,0
stalking,0
dan,0
reminded,0
varaya,0
elaya,0
anand,0
beach,0
expected,0
italian,0
aww,0
jez,0
todo,0
workand,0
whilltake,0
zogtorius,0
staring,0
whether,0
financial,0
kuch,0
ko,0
kisi,0
hrishi,0
hype,0
studio,0
bedrm,0
waited,0
velly,0
letters,0
mids,0
remind,0
va,0
nothin,0
zyada,0
hanger,0
poem,0
cheer,0
tear,0
bags,0
significant,0
waqt,0
pehle,0
naseeb,0
alian,0
century,0
piece,0
frwd,0
ran,0
saved,0
boost,0
thy,0
lived,0
happily,0
gthr,0
drinking,0
evrydy,0
paragon,0
bluff,0
impossible,0
goodmate,0
sary,0
asusual,0
cheered,0
franyxxxxx,0
batt,0
pussy,0
responce,0
happend,0
wn,0
speeding,0
truck,0
measure,0
unnecessarily,0
affectionate,0
sorts,0
clarification,0
issue,0
weigh,0
coimbatore,0
tom,0
categories,0
ethnicity,0
dt,0
census,0
transcribing,0
propsd,0
gv,0
lv,0
lttrs,0
threw,0
thm,0
aproach,0
wifi,0
