get,239
good,198
go,192
like,188
come,182
got,182
know,179
time,168
day,153
call,150
going,149
lor,139
home,139
sorry,137
one,132
da,126
want,125
need,123
dont,120
love,117
still,116
today,115
r,115
k,112
see,111
tell,109
send,106
hey,103
oh,103
hi,102
take,101
back,99
think,98
n,97
don't,96
dear,95
well,93
pls,92
wat,89
much,88
night,83
say,82
work,82
great,80
it's,79
yeah,77
later,76
already,76
yes,76
really,76
right,73
hope,73
give,73
way,72
e,72
amp,71
ask,71
said,71
lol,69
make,67
happy,66
morning,65
phone,65
tomorrow,65
please,64
cos,63
b,61
anything,61
message,60
im,60
meet,59
new,59
also,59
c,58
pick,57
babe,57
week,56
something,56
would,55
cant,54
buy,54
number,54
wait,53
thing,52
thanks,50
last,50
miss,50
msg,50
sent,50
let,50
always,49
life,49
wan,49
free,49
sure,49
i've,49
keep,49
nice,48
care,48
dun,47
gud,47
that's,47
told,47
soon,47
first,46
late,46
even,46
haha,45
feel,45
thk,45
gonna,44
coming,44
went,44
ya,44
place,43
money,43
yup,42
fine,42
leave,42
many,41
sleep,41
text,41
v,41
us,40
getting,40
man,40
try,40
yet,39
around,39
people,39
can't,39
wish,39
tonight,39
next,39
someone,39
cool,39
find,38
long,38
hello,38
finish,38
person,38
year,38
use,38
thought,38
talk,37
lar,37
job,37
done,37
thats,37
reply,36
better,35
class,35
dat,35
best,35
car,35
didn't,35
sir,35
house,35
ah,34
never,34
ill,34
heart,34
lot,34
could,33
bit,33
things,33
stuff,32
yo,32
aight,32
watching,32
god,32
quite,32
name,31
friends,31
watch,31
lunch,31
every,31
eat,31
nothing,31
liao,30
wont,30
jus,30
check,30
dinner,30
actually,30
thanx,29
stop,29
room,29
leh,29
big,29
meeting,29
another,29
forgot,28
bus,28
dunno,28
office,28
help,28
called,28
plan,28
bad,28
pa,28
birthday,28
two,27
didnt,27
shit,27
dad,27
ready,27
pain,27
wanna,27
sweet,27
mind,27
afternoon,27
look,27
thank,26
early,26
wif,26
min,26
working,26
problem,26
he's,25
made,25
hear,25
nite,25
okay,25
x,25
world,25
tmr,25
days,25
wake,25
everything,25
guess,24
girl,24
smile,24
baby,24
havent,24
ever,24
might,24
pay,24
trying,24
shall,24
saw,24
may,24
sat,24
minutes,24
remember,24
means,23
end,23
put,23
probably,23
says,23
month,23
friend,23
dis,23
tv,23
lei,23
anyway,23
guys,23
xxx,22
left,22
th,22
enjoy,22
alright,22
family,22
there's,22
decimal,22
waiting,22
haf,22
juz,22
hour,22
school,22
reach,22
mail,22
princess,21
how's,21
times,21
de,21
evening,21
online,21
wanted,21
food,21
friendship,21
fuck,21
real,21
dude,21
hav,20
without,20
change,20
able,20
hair,20
tot,20
pm,20
shopping,20
half,20
missed,20
bed,20
play,20
away,20
weekend,20
what's,20
asked,20
sch,20
ard,20
abt,20
id,20
g,20
aft,19
noe,19
sleeping,19
came,19
plz,19
words,19
though,19
story,19
wen,19
worry,19
enough,19
since,19
little,19
sad,19
mean,19
test,19
driving,19
happen,19
speak,19
special,19
start,19
true,19
luv,19
years,18
coz,18
old,18
awesome,18
making,18
show,18
brother,18
guy,18
til,18
town,18
run,18
cause,18
saying,18
oso,18
tomo,18
face,18
looking,18
won't,18
yesterday,18
stay,18
bring,17
boy,17
taking,17
sis,17
fun,17
leaving,17
walk,17
finished,17
took,17
else,17
makes,17
rite,17
haven't,17
set,17
beautiful,17
believe,17
den,17
thinking,17
st,17
full,17
nt,17
part,16
must,16
started,16
okie,16
book,16
sister,16
huh,16
prob,16
chikku,16
bt,16
hurt,16
type,16
wot,16
comes,16
maybe,16
plus,16
wife,16
lesson,16
gd,16
touch,16
dreams,16
busy,16
whats,15
drive,15
calling,15
goes,15
treat,15
she's,15
search,15
live,15
college,15
movie,15
oredi,15
hours,15
smiling,15
nope,15
tho,15
wants,15
neva,15
darlin,15
feeling,15
trip,15
mum,15
answer,14
fr,14
easy,14
seeing,14
details,14
question,14
lots,14
alone,14
read,14
goodmorning,14
chat,14
sounds,14
chennai,14
com,14
far,14
mate,14
sms,14
ni,14
hows,14
mine,14
everyone,14
wonderful,14
anyone,14
carlos,14
friday,14
goin,14
per,14
available,14
sun,14
decided,14
email,14
drink,14
forget,14
together,14
bored,14
course,14
hmm,13
pretty,13
stupid,13
fast,13
found,13
yar,13
light,13
lets,13
pub,13
fucking,13
shop,13
missing,13
post,13
angry,13
holiday,13
gr,13
project,13
talking,13
reason,13
outside,13
frnds,13
whole,13
address,13
gone,13
smth,13
second,13
mah,12
hand,12
parents,12
nd,12
ugh,12
lovely,12
point,12
ten,12
happiness,12
understand,12
hard,12
snow,12
mobile,12
kiss,12
telling,12
reading,12
tired,12
open,12
ring,12
account,12
earlier,12
used,12
case,12
ass,12
head,12
eve,12
smoke,12
mu,12
wil,12
laptop,12
finally,12
almost,11
mrng,11
orchard,11
kate,11
rs,11
knw,11
die,11
na,11
hold,11
hee,11
march,11
company,11
card,11
wine,11
side,11
picking,11
loving,11
least,11
happened,11
whatever,11
mins,11
knew,11
ago,11
meant,11
bout,11
till,11
ish,11
w,11
game,11
darren,11
yep,11
messages,11
lovable,11
uncle,11
hungry,11
reached,10
truth,10
difficult,10
girls,10
needs,10
hmmm,10
otherwise,10
tel,10
wid,10
nah,10
mayb,10
ha,10
party,10
cut,10
slow,10
comin,10
ge,10
important,10
exam,10
different,10
xx,10
study,10
convey,10
worried,10
mr,10
mm,10
isn't,10
shower,10
noon,10
gym,10
press,10
mom,10
break,10
plans,10
hospital,10
met,10
bathe,10
india,10
simple,10
oops,10
sunday,10
spend,10
supposed,9
calls,9
hiya,9
voice,9
fri,9
mode,9
booked,9
copy,9
merry,9
nobody,9
laugh,9
asking,9
pete,9
gotta,9
confirm,9
meh,9
gn,9
sending,9
disturb,9
congrats,9
customer,9
frm,9
i'd,9
move,9
checking,9
mo,9
wow,9
park,9
water,9
usual,9
monday,9
eyes,9
short,9
wit,9
cum,9
l,9
possible,9
sick,9
you've,9
join,9
write,9
father,9
safe,9
pray,9
moral,9
staying,9
gave,9
cost,9
slowly,9
gas,9
drop,8
daddy,8
mon,8
doesn't,8
anymore,8
wonder,8
loved,8
sitting,8
weed,8
loads,8
promise,8
date,8
fingers,8
near,8
woke,8
bath,8
excellent,8
couple,8
eh,8
forever,8
doesnt,8
crazy,8
silent,8
hit,8
rent,8
contact,8
buying,8
lose,8
ice,8
saturday,8
add,8
glad,8
muz,8
chance,8
lazy,8
doin,8
gets,8
via,8
line,8
em,8
swt,8
wishes,8
bold,8
christmas,8
inside,8
months,8
word,8
correct,8
lucky,8
kids,8
train,8
wana,8
grins,8
ar,8
wishing,8
coffee,8
price,8
thinkin,8
texts,8
msgs,8
others,8
rd,8
listen,8
din,8
funny,8
aha,8
john,8
sound,8
trouble,8
movies,8
honey,8
doctor,8
bank,8
dnt,8
semester,8
hrs,8
close,8
kind,8
mark,8
wrong,8
catch,8
pizza,8
support,8
trust,8
hurts,8
nyt,8
facebook,8
frens,8
slept,8
clean,7
lover,7
spent,7
jay,7
ahead,7
somewhere,7
mother,7
either,7
red,7
loves,7
round,7
ive,7
thnk,7
xy,7
tough,7
tuition,7
omg,7
murdered,7
izzit,7
holding,7
crave,7
list,7
normal,7
usf,7
frnd,7
umma,7
lost,7
rest,7
persons,7
fone,7
luck,7
rose,7
shd,7
bb,7
alrite,7
urself,7
knows,7
sell,7
rain,7
library,7
wondering,7
boytoy,7
request,7
present,7
seems,7
lect,7
drugs,7
planning,7
abiola,7
shuhui,7
liked,7
vl,7
moment,7
dead,7
mrt,7
tonite,7
power,7
figure,7
road,7
murderer,7
lmao,7
bak,7
lessons,7
style,7
remove,7
cheers,7
ay,7
seen,7
studying,7
heavy,7
hoping,7
cute,7
opinion,7
past,7
wun,7
wat's,7
naughty,7
realy,7
players,7
training,7
miracle,7
mistake,7
heard,7
who's,7
situation,7
meaning,7
il,7
sort,7
cash,7
wasn't,7
news,7
pass,7
air,7
yijue,7
ex,7
goodnight,7
warm,7
kallis,7
experience,7
film,7
whenever,7
decide,7
forward,7
maid,7
return,6
tuesday,6
lift,6
fixed,6
earth,6
quick,6
computer,6
nigeria,6
depends,6
sometimes,6
fb,6
excuse,6
wnt,6
sign,6
random,6
pilates,6
nimya,6
aathi,6
group,6
single,6
character,6
paying,6
er,6
happens,6
fullonsms,6
scream,6
door,6
small,6
marriage,6
urgent,6
aiyo,6
hurry,6
gives,6
yoga,6
valentine,6
role,6
askd,6
tea,6
fat,6
askin,6
eating,6
valentines,6
within,6
lady,6
alex,6
longer,6
tat,6
pussy,6
vry,6
body,6
vikky,6
cancer,6
boo,6
wherever,6
feb,6
ones,6
system,6
sea,6
black,6
dint,6
aiyah,6
gal,6
ended,6
rply,6
swing,6
hell,6
closed,6
howz,6
process,6
song,6
waste,6
raining,6
instead,6
murder,6
visit,6
completely,6
giving,6
works,6
april,6
joking,6
tampa,6
south,6
somebody,6
poor,6
download,6
tickets,6
surely,6
serious,6
spoke,6
walking,6
yest,6
cover,6
holla,6
felt,6
sexy,6
fact,6
however,6
battery,6
looks,6
street,6
men,6
reaching,6
ho,6
deal,6
bugis,6
advance,6
using,6
turns,6
accept,6
teach,6
double,6
dey,6
stand,6
usually,6
complete,6
yay,6
appreciate,6
bslvyl,6
bucks,6
feels,6
unless,6
spl,5
win,5
moon,5
asleep,5
gm,5
workin,5
rem,5
planned,5
armand,5
idea,5
fighting,5
dog,5
share,5
arrested,5
hv,5
amt,5
broke,5
cup,5
worse,5
cbe,5
dollars,5
nw,5
horrible,5
takes,5
internet,5
loan,5
station,5
paper,5
ttyl,5
isnt,5
thru,5
brilliant,5
budget,5
interesting,5
colleagues,5
collect,5
ans,5
hands,5
flat,5
pic,5
regards,5
b'd,5
jesus,5
google,5
weather,5
exactly,5
gals,5
forwarded,5
amount,5
wednesday,5
waking,5
plenty,5
imma,5
thts,5
damn,5
space,5
couldn't,5
moms,5
al,5
callertune,5
timing,5
relax,5
listening,5
blood,5
fetch,5
hr,5
starting,5
deep,5
torch,5
cuz,5
thursday,5
gap,5
cartoon,5
hw,5
callers,5
sit,5
aftr,5
fault,5
bag,5
stylish,5
medical,5
rather,5
ate,5
returns,5
keeping,5
kinda,5
campus,5
photos,5
imagine,5
bought,5
leaves,5
nxt,5
yun,5
including,5
model,5
centre,5
theatre,5
quit,5
sofa,5
gettin,5
green,5
sura,5
playing,5
yrs,5
asap,5
mid,5
january,5
unsold,5
pics,5
searching,5
weight,5
white,5
cars,5
pple,5
cabin,5
fancy,5
ride,5
offer,5
blue,5
especially,5
age,5
towards,5
sim,5
where's,5
xmas,5
interested,5
fyi,5
bf,5
happening,5
rock,5
questions,5
putting,5
top,5
quality,5
hot,5
kano,5
transaction,5
directly,5
cannot,5
log,5
aren't,5
bill,5
order,5
ave,5
cine,5
you'd,5
num,5
texting,5
surfing,5
report,5
wk,5
replied,5
immediately,5
j,5
did't,5
hopefully,5
kb,5
pongal,5
definitely,5
worries,5
hop,5
h,5
learn,5
box,5
willing,5
common,5
intro,5
nights,5
gift,5
argument,5
cal,5
entered,5
sen,5
bcoz,5
egg,5
dream,5
joke,5
website,5
hostel,5
fix,5
save,5
respect,5
kick,5
ad,4
drug,4
cold,4
cud,4
except,4
sense,4
airport,4
iq,4
prepare,4
link,4
site,4
kept,4
vijay,4
enemy,4
aint,4
inform,4
awake,4
salary,4
weird,4
pissed,4
teeth,4
lik,4
boring,4
bloody,4
belovd,4
wonders,4
personality,4
nature,4
king,4
pig,4
registered,4
purity,4
evng,4
argue,4
ppl,4
church,4
looked,4
uncles,4
tried,4
wear,4
thinks,4
update,4
appointment,4
wins,4
laughing,4
wiv,4
buzz,4
gentle,4
lead,4
answers,4
legal,4
posted,4
secret,4
lookin,4
la,4
sight,4
ta,4
gravity,4
ignore,4
carefully,4
selected,4
aiya,4
temple,4
escape,4
dare,4
preferably,4
decision,4
taken,4
theory,4
instituitions,4
govt,4
public,4
inches,4
idk,4
doc,4
area,4
sale,4
exams,4
oni,4
seemed,4
url,4
basic,4
chinese,4
songs,4
appt,4
pleasure,4
dictionary,4
exact,4
charge,4
iz,4
settled,4
abi,4
favour,4
living,4
slave,4
meds,4
technical,4
sum,4
arms,4
hunny,4
strong,4
unlimited,4
expect,4
babes,4
meanwhile,4
morrow,4
hai,4
shirt,4
bcums,4
wed,4
information,4
bathing,4
weeks,4
aiyar,4
mmm,4
anytime,4
machan,4
energy,4
bother,4
smokes,4
flower,4
personal,4
due,4
twice,4
running,4
assume,4
anyways,4
died,4
gee,4
menu,4
dropped,4
outta,4
weak,4
students,4
we'd,4
note,4
cinema,4
series,4
worth,4
height,4
opportunity,4
cry,4
february,4
net,4
rush,4
joined,4
apparently,4
becoz,4
married,4
guide,4
passed,4
tht,4
wah,4
loverboy,4
blackberry,4
marry,4
romantic,4
problems,4
welcome,4
fool,4
celebrate,4
stopped,4
esplanade,4
recently,4
activities,4
prabha,4
matured,4
kusruthi,4
asks,4
jada,4
nvm,4
rooms,4
cell,4
page,4
obviously,4
lie,4
scared,4
infernal,4
seriously,4
deliver,4
yogasana,4
moan,4
masters,4
hotel,4
self,4
social,4
quote,4
hate,4
geeee,4
considering,4
jst,4
cook,4
advice,4
cleaning,4
children,4
less,4
cat,4
pictures,4
stock,4
btw,4
sugar,4
roger,4
jiu,4
tear,4
italian,4
thangam,4
whether,4
yahoo,4
yan,4
ticket,4
respond,4
fifteen,4
beer,4
happend,4
ran,4
sucks,4
checked,4
match,4
freak,4
mad,4
notice,4
todays,4
pix,4
miles,4
draw,4
god's,4
acc,4
empty,4
result,4
ure,4
cooking,4
police,4
solve,4
english,4
jokes,4
jess,4
fills,4
practice,4
takin,4
mrw,4
joy's,4
barely,4
changed,4
qatar,4
gaps,4
created,4
eatin,4
colour,4
essential,4
spending,4
lab,4
atlanta,4
deleted,4
buns,4
allah,4
hook,4
rakhesh,4
pie,4
wtf,4
iam,4
tc,4
dearer,3
tessy,3
di,3
alwys,3
itz,3
evn,3
petrol,3
bday,3
clock,3
dem,3
surprised,3
expecting,3
oz,3
blame,3
f,3
score,3
apps,3
soup,3
science,3
dignity,3
rofl,3
threats,3
informed,3
gentleman,3
loud,3
books,3
shoot,3
favor,3
boys,3
blessings,3
balance,3
morphine,3
coins,3
china,3
wearing,3
freezing,3
whos,3
falls,3
catching,3
points,3
receive,3
reference,3
credited,3
weekends,3
juicy,3
successfully,3
pending,3
frndship,3
shijas,3
connection,3
raji,3
indians,3
uni,3
enter,3
distance,3
pages,3
gardener,3
shows,3
neighbour,3
birla,3
comedy,3
fuckin,3
cheer,3
remains,3
talent,3
bags,3
okey,3
bro,3
dresser,3
file,3
tape,3
issue,3
bros,3
measure,3
welp,3
vodka,3
pc,3
soft,3
thm,3
ideas,3
responce,3
added,3
lick,3
wn,3
boss,3
loses,3
saved,3
impossible,3
butt,3
sore,3
winning,3
plane,3
needed,3
travel,3
networking,3
vegetables,3
album,3
bottom,3
atm,3
hill,3
questioned,3
fren,3
walked,3
prove,3
concentrate,3
wa,3
yetunde,3
thurs,3
speechless,3
booty,3
career,3
lecture,3
stamps,3
foreign,3
letters,3
valuable,3
lil,3
kerala,3
sec,3
remind,3
anti,3
begin,3
morn,3
hip,3
avatar,3
stops,3
everybody,3
painful,3
hella,3
constantly,3
maneesha,3
lousy,3
bishan,3
satisfied,3
tells,3
goodnite,3
toll,3
option,3
middle,3
sry,3
yr,3
buff,3
popped,3
ic,3
telphone,3
invnted,3
grahmbell,3
girlfrnd,3
margaret,3
phne,3
storming,3
simply,3
dress,3
bitch,3
carry,3
guilty,3
arun,3
kadeem,3
vote,3
dirty,3
total,3
package,3
enuff,3
husband,3
sha,3
toa,3
payoh,3
issues,3
ron,3
picked,3
fathima,3
erm,3
vava,3
ps,3
aah,3
skype,3
twelve,3
philosophy,3
meetin,3
certainly,3
ese,3
season,3
bright,3
addie,3
cn,3
po,3
collecting,3
honeybee,3
gently,3
rule,3
idiot,3
software,3
knackered,3
staff,3
calicut,3
suggest,3
history,3
fran,3
country,3
greetings,3
stuck,3
tour,3
express,3
giv,3
player,3
normally,3
moji,3
apartment,3
ru,3
track,3
executive,3
yor,3
hun,3
boston,3
become,3
docs,3
jason,3
sheets,3
moro,3
urgnt,3
interview,3
screen,3
major,3
sweetest,3
mummy,3
laughed,3
joy,3
medicine,3
fill,3
lido,3
suntec,3
tablets,3
chain,3
havnt,3
crack,3
radio,3
service,3
selling,3
regarding,3
flaked,3
befor,3
finishing,3
proof,3
maga,3
doors,3
gary,3
parking,3
cramps,3
yeh,3
def,3
dai,3
cares,3
nan,3
drinking,3
seven,3
fantastic,3
banks,3
jstfrnd,3
lvblefrnd,3
ages,3
likely,3
clos,3
keys,3
wisdom,3
haiz,3
mom's,3
drivin,3
taunton,3
cheap,3
alive,3
brain,3
wise,3
hahaha,3
ache,3
affairs,3
letter,3
garage,3
business,3
ws,3
darling,3
hanging,3
choose,3
transfered,3
currently,3
insha,3
successful,3
stomach,3
jay's,3
expensive,3
remembered,3
audition,3
bstfrnd,3
insurance,3
seconds,3
xavier,3
none,3
fave,3
str,3
building,3
map,3
roads,3
swtheart,3
shouted,3
law,3
lifpartnr,3
behind,3
cream,3
cutefrnd,3
chechi,3
quickly,3
five,3
boye,3
stone,3
railway,3
ptbo,3
anywhere,3
ummmmmaah,3
behave,3
texted,3
elsewhere,3
ths,3
wet,3
xuhui,3
runs,3
store,3
mas,3
malaria,3
gaut,3
wt,3
melle,3
vettam,3
oru,3
sighs,3
buzy,3
nurungu,3
faster,3
spell,3
tease,3
spoken,3
minnaminunginte,3
accidentally,3
omw,3
wats,3
sory,3
brings,3
california,3
confidence,3
jealous,3
period,3
stress,3
pieces,3
losing,3
fish,3
shut,3
jan,3
team,3
caught,3
village,3
university,3
fees,3
fear,3
diff,3
upset,3
tirupur,3
sing,3
tests,3
shouldn't,3
wouldn't,3
soryda,3
meal,3
possession,3
farm,3
shorter,3
born,3
fair,3
step,3
bat,3
gona,3
turn,3
bless,3
sachin,3
competition,3
oic,3
gorgeous,3
showing,3
dearly,3
stranger,3
indian,3
sup,3
swimming,3
si,3
mum's,3
gudnite,3
exhausted,3
ain't,3
slippers,3
future,3
leona,3
auto,3
nokia,3
tomarrow,3
avent,3
moments,3
bmw,3
discuss,3
urgently,3
diet,3
attend,3
ful,3
pop,3
supervisor,3
shortage,3
hug,3
lacs,3
source,3
arng,3
cheaper,3
shesil,3
innings,3
smoking,3
birds,3
cuddle,3
wylie,3
alcohol,3
ranjith,3
tree,3
macho,3
belly,3
fall,3
reasons,3
returned,3
sooner,3
camera,3
starts,3
spk,3
raise,3
music,3
nap,3
occupy,2
suits,2
discount,2
queen,2
arrange,2
mmmm,2
oooh,2
keeps,2
waheed,2
nus,2
dislikes,2
switch,2
four,2
tooo,2
motorola,2
wating,2
likes,2
often,2
brought,2
reaction,2
moves,2
ey,2
snake,2
city,2
snowman,2
gods,2
alaipayuthe,2
dick,2
dippeditinadew,2
calm,2
co,2
build,2
vday,2
paperwork,2
mp,2
straight,2
agree,2
grow,2
beyond,2
flaky,2
hearts,2
habit,2
nearly,2
schedule,2
develop,2
nyc,2
ability,2
ques,2
status,2
fake,2
monthly,2
desparate,2
exciting,2
morow,2
invite,2
milk,2
loose,2
geeeee,2
row,2
transfr,2
slip,2
received,2
membership,2
cleared,2
perhaps,2
recharge,2
scotland,2
poker,2
pound,2
hardly,2
headache,2
suite,2
mornin,2
nichols,2
mostly,2
plaza,2
favourite,2
fly,2
traffic,2
wipro,2
upto,2
telly,2
bite,2
contacts,2
replacement,2
everywhere,2
super,2
daily,2
mandan,2
joanna,2
wkg,2
location,2
latest,2
recovery,2
ladies,2
sian,2
cutting,2
combine,2
indeed,2
woman,2
maangalyam,2
application,2
fights,2
sales,2
discussed,2
decisions,2
display,2
burning,2
management,2
regular,2
spoiled,2
slightly,2
lounge,2
prefer,2
lk,2
slice,2
darlings,2
wld,2
frying,2
intelligent,2
sender,2
truffles,2
slots,2
coping,2
belive,2
bin,2
killed,2
position,2
london,2
specific,2
doggy,2
figures,2
receiving,2
cousin,2
loxahatchee,2
continue,2
holy,2
billion,2
classes,2
pleased,2
youre,2
turning,2
individual,2
oreo,2
tortilla,2
convincing,2
football,2
siva,2
propsd,2
speaking,2
expression,2
gv,2
lv,2
lttrs,2
threw,2
aproach,2
childish,2
dt,2
truck,2
speeding,2
boost,2
instantly,2
thy,2
lived,2
tom,2
weigh,2
improve,2
unnecessarily,2
lov,2
comfort,2
transfer,2
bedrm,2
waited,2
mids,2
hrishi,2
poem,2
whatsup,2
goodo,2
dan,2
cricketer,2
bhaji,2
aww,2
staring,2
journey,2
applebees,2
kindly,2
cld,2
ikea,2
hyde,2
orange,2
licks,2
bringing,2
delhi,2
anthony,2
propose,2
fringe,2
distract,2
happily,2
sorted,2
dat's,2
msn,2
noun,2
click,2
current,2
center,2
mel,2
birth,2
replying,2
hes,2
aka,2
forgiven,2
prescription,2
recognise,2
electricity,2
pouch,2
fujitsu,2
scold,2
se,2
today's,2
disturbing,2
tacos,2
pickle,2
ebay,2
flies,2
transport,2
woken,2
jazz,2
cha,2
child,2
onwards,2
research,2
ja,2
vomiting,2
feet,2
clever,2
app,2
argh,2
xam,2
manage,2
diamonds,2
field,2
numbers,2
aunty,2
mcat,2
sacrifice,2
language,2
landline,2
shipped,2
stayin,2
charges,2
picture,2
wales,2
rich,2
dry,2
direct,2
terms,2
parco,2
nb,2
pink,2
taste,2
lyk,2
bck,2
tension,2
color,2
sony,2
sleepwell,2
mca,2
clear,2
infront,2
broken,2
boat,2
waht,2
fire,2
math,2
rocks,2
ground,2
durban,2
recession,2
cancel,2
nag,2
inconsiderate,2
requests,2
difficulties,2
ericsson,2
sar,2
video,2
kz,2
let's,2
nitros,2
kr,2
ela,2
skyped,2
silently,2
dhoni,2
hence,2
prepaid,2
surprise,2
fight,2
planet,2
singing,2
chicken,2
curry,2
matter,2
earn,2
warning,2
tomorro,2
receipt,2
fret,2
throw,2
ne,2
jacket,2
headin,2
soo,2
sub,2
member,2
month's,2
drms,2
kicks,2
hint,2
bec,2
imp,2
flash,2
nic,2
flip,2
ster,2
jd,2
accounts,2
petey,2
weirdest,2
wishin,2
generally,2
jane,2
dough,2
control,2
jerry,2
irritates,2
fails,2
thot,2
nervous,2
purse,2
keralacircle,2
borrow,2
toot,2
final,2
annoying,2
makin,2
inr,2
neft,2
cappuccino,2
beneficiary,2
understanding,2
xxxx,2
apart,2
loveme,2
parked,2
enjoyin,2
creepy,2
refilled,2
high,2
responding,2
naked,2
irritating,2
necessarily,2
version,2
sd,2
rate,2
sam,2
peace,2
teaches,2
blessed,2
odi,2
outstanding,2
contract,2
teacher,2
several,2
fit,2
dedicated,2
terrible,2
fan,2
lovers,2
exe,2
hasn't,2
pattern,2
throat,2
greet,2
printed,2
shy,2
stores,2
places,2
jeans,2
roommates,2
closer,2
bowl,2
brand,2
although,2
necklace,2
racing,2
closes,2
yck,2
crap,2
photo,2
sweets,2
ym,2
chocolate,2
potential,2
gay,2
reckon,2
plm,2
dedicate,2
unbelievable,2
apply,2
drunk,2
sends,2
female,2
deciding,2
american,2
prepared,2
drpd,2
lately,2
lotta,2
dates,2
deeraj,2
invited,2
genius,2
gossip,2
deepak,2
oi,2
named,2
bruv,2
sn,2
sells,2
installing,2
june,2
oil,2
hor,2
sheffield,2
edison,2
rightly,2
gibbs,2
usb,2
mac,2
viva,2
goto,2
files,2
repair,2
gnt,2
roast,2
drinks,2
sentence,2
paid,2
educational,2
played,2
pours,2
bein,2
enjoyed,2
friend's,2
messenger,2
en,2
along,2
karaoke,2
valued,2
testing,2
telugu,2
nit,2
eight,2
clark,2
sarcasm,2
forum,2
river,2
aunt,2
screaming,2
network,2
cake,2
auction,2
form,2
utter,2
seem,2
review,2
extra,2
restaurant,2
desperate,2
mall,2
monkeys,2
gpu,2
practical,2
mails,2
ke,2
program,2
poop,2
fever,2
bedroom,2
sex,2
modules,2
explain,2
musthu,2
vomit,2
hex,2
lonely,2
midnight,2
konw,2
ms,2
rael,2
flight,2
kegger,2
costs,2
module,2
pack,2
jolly,2
trains,2
apo,2
wee,2
www,2
thanksgiving,2
minute,2
access,2
rumour,2
login,2
sweetheart,2
hundred,2
boyfriend,2
driver,2
bristol,2
waitin,2
sux,2
wrnog,2
gving,2
yuo,2
exmpel,2
jsut,2
impatient,2
tihs,2
evrey,2
splleing,2
sitll,2
buses,2
raed,2
wihtuot,2
ayn,2
mitsake,2
joining,2
finance,2
panic,2
jia,2
tues,2
missin,2
birthdate,2
chill,2
finishes,2
theres,2
guy's,2
tmrw,2
soul,2
ned,2
hurting,2
mt,2
main,2
spare,2
cam,2
lip,2
whn,2
gimme,2
realize,2
dance,2
gist,2
bar,2
attached,2
schools,2
realized,2
aeronautics,2
tb,2
stays,2
perfect,2
ola,2
garbage,2
wanting,2
pounds,2
opening,2
info,2
jokin,2
begging,2
bigger,2
whenevr,2
remembr,2
completed,2
gf,2
handed,2
tool,2
canada,2
goodnoon,2
juan,2
grave,2
tlk,2
eighth,2
actor,2
dorm,2
practicing,2
babies,2
beneath,2
pale,2
hospitals,2
datz,2
hurried,2
totally,2
silver,2
thread,2
silence,2
aeroplane,2
revision,2
calld,2
wer,2
professors,2
comp,2
disclose,2
attempt,2
frauds,2
scary,2
ideal,2
password,2
arm,2
tirunelvali,2
spring,2
low,2
bye,2
shocking,2
ba,2
beware,2
fml,2
cookies,2
kidding,2
shld,2
sinco,2
payee,2
icicibank,2
urn,2
thoughts,2
wifi,2
gthr,2
battle,2
bc,2
pool,2
art,2
sleepin,2
legs,2
minor,2
conform,2
department,2
record,2
shore,2
ruin,2
brothas,2
clearing,2
following,2
lives,2
mistakes,2
changes,2
range,2
miserable,2
topic,2
superior,2
dr,2
despite,2
difference,2
admin,2
dokey,2
raj,2
print,2
marrow,2
realise,2
tiwary,2
funeral,2
anythin,2
sunny,2
understood,2
treated,2
desert,2
managed,2
atlast,2
hon,2
hm,2
disconnect,2
mental,2
innocent,2
salon,2
stayed,2
wrk,2
hppnss,2
ibn,2
cnn,2
verified,2
confirmd,2
terrorist,2
terrific,2
environment,2
lib,2
muah,2
shoving,2
prolly,2
airtel,2
sometime,2
tyler,2
basically,2
furniture,2
placement,2
base,2
slp,2
rang,2
jaya,2
count,2
challenge,2
properly,2
donno,2
eva,2
cann't,2
vale,2
kent,2
otside,2
size,2
rights,2
papers,2
forums,2
violence,2
mood,2
andros,2
foot,2
penis,2
incident,2
sigh,2
blank,2
relatives,2
standing,2
mmmmm,2
causing,2
window,2
yunny,2
strange,2
kavalan,2
fell,2
whr,2
resume,2
indyarocks,2
somethin,2
confirmed,2
maturity,2
ship,2
released,2
cancelled,2
vivek,2
brah,2
wedding,2
bang,2
painting,2
greatest,2
courage,2
bear,2
defeat,2
kothi,2
beauty,2
thgt,2
moving,2
nowadays,2
onion,2
tick,2
diwali,2
talks,2
probs,2
unable,2
swatch,2
ganesh,2
mag,2
ben,2
sleepy,2
shelf,2
previous,2
captain,2
helloooo,2
seat,2
sem,2
twenty,2
lemme,2
eaten,2
property,2
guessing,2
piss,2
adore,2
tog,2
reasonable,2
value,2
yellow,2
creep,2
dealing,2
doubt,2
key,2
success,2
contents,2
pee,2
handle,2
death,2
japanese,2
proverb,2
dark,2
student,2
clothes,2
lush,2
mokka,2
welcomes,2
bone,2
bird,2
suppose,2
serving,2
abj,2
afraid,2
pton,2
nort,2
cheese,2
nalla,2
response,2
amongst,2
bell,2
dollar,2
nagar,2
clearly,2
pandy,2
arts,2
ipad,2
gain,2
pap,2
passwords,2
sensitive,2
derek,2
sib,2
protect,2
anna,2
cardiff,2
steam,2
absolutly,2
wuld,2
mite,2
solved,2
steve,2
epsilon,2
mesages,2
tm,2
ing,2
chase,2
callin,2
massive,2
sake,2
melt,2
forms,2
bruce,2
west,2
evr,2
teaching,2
chest,2
shirts,2
smiles,2
covers,2
coast,2
eek,2
tight,2
amazing,2
mahal,2
jiayin,2
easier,2
east,2
island,2
citizen,2
kudi,2
wasted,2
curious,2
scotch,2
kisses,2
christ,2
dumb,2
deus,2
gin,2
rum,2
everyday,2
brandy,2
allowed,2
tap,2
evrydy,2
selfish,2
yarasu,2
watever,2
mathematics,2
kg,2
jobs,2
cooked,2
answering,2
kay,2
waxsto,2
madam,2
vaazhthukkal,2
bottle,2
minimum,2
dhina,2
cheat,2
shared,2
amused,2
cheating,2
reverse,2
desires,2
messaged,2
wiskey,2
walmart,2
settle,2
sary,2
tis,2
when's,2
tears,2
ias,2
av,2
canal,2
moved,2
ruining,2
elaine,2
engin,2
kills,2
bluff,2
sac,2
paragon,2
mb,2
ding,2
broad,2
lane,2
crisis,2
spile,2
guoyang,1
fieldof,1
batsman,1
iron,1
delayed,1
housing,1
agency,1
renting,1
toplay,1
accounting,1
usc,1
presents,1
disastrous,1
nicky,1
nigh,1
administrator,1
busetop,1
vague,1
nooooooo,1
multimedia,1
perform,1
selfindependence,1
praying,1
formally,1
hooked,1
yowifes,1
theoretically,1
smiley,1
costumes,1
enemies,1
fav,1
rebooting,1
hearted,1
urination,1
okies,1
skip,1
names,1
yourjob,1
proper,1
playin,1
tongued,1
shorts,1
qi,1
suddenly,1
rahul,1
goal,1
flurries,1
wendy,1
dobby,1
pure,1
galileo,1
radiator,1
yetty's,1
gumby's,1
sized,1
attractive,1
cable,1
attitude,1
rowdy,1
antelope,1
sentiment,1
outage,1
forgotten,1
cards,1
cab,1
steps,1
dengra,1
limited,1
sos,1
strike,1
level,1
hillsborough,1
getiing,1
bike,1
slippery,1
brownies,1
woohoo,1
restrict,1
postponed,1
uncountable,1
barolla,1
audrey,1
madoke,1
sariyag,1
vehicle,1
oral,1
whereare,1
setting,1
definite,1
greece,1
friendsare,1
heal,1
thekingshead,1
canlove,1
weirdy,1
dave,1
wavering,1
reffering,1
afternon,1
physics,1
praveesh,1
delicious,1
lower,1
salad,1
tiime,1
beers,1
whore,1
flood,1
differ,1
beads,1
removed,1
wishlist,1
section,1
nitro,1
sold,1
enters,1
weighed,1
screamed,1
creative,1
doll,1
recorded,1
shoul,1
subletting,1
lotsly,1
hanks,1
concentration,1
ammae,1
howdy,1
slurp,1
monkeyaround,1
soonlots,1
yifeng,1
monkeespeople,1
werethe,1
steering,1
excuses,1
cuddling,1
sleeps,1
rounder,1
required,1
zoom,1
emailed,1
hasnt,1
iouri,1
detail,1
chile,1
someday,1
optimistic,1
yuou,1
ears,1
links,1
practicum,1
spot,1
brainless,1
bunch,1
consistently,1
lotto,1
taxi,1
mates,1
norm,1
dled,1
purchases,1
amy,1
boooo,1
authorise,1
payment,1
gimmi,1
goss,1
ystrday,1
llspeak,1
embassy,1
contention,1
avoiding,1
mahaveer,1
jeremiah,1
prestige,1
ramaduth,1
enna,1
huiming,1
kalaachutaarama,1
comprehensive,1
coco,1
sporadically,1
burden,1
ivatte,1
hiding,1
actual,1
caroline,1
harder,1
nbme,1
sickness,1
prashanthettan's,1
wks,1
dined,1
sankatmochan,1
janarige,1
apeshit,1
wined,1
uttered,1
problum,1
motivate,1
darkness,1
wknd,1
yalrigu,1
sirji,1
onam,1
heltini,1
dodda,1
iyo,1
inde,1
offers,1
trusting,1
maretare,1
keluviri,1
ondu,1
safely,1
noice,1
esaplanade,1
olage,1
prof,1
kalisidare,1
pavanaputra,1
daaaaa,1
borderline,1
prescribed,1
guild,1
skinny,1
casting,1
gon,1
elections,1
odalebeku,1
hlday,1
camp,1
amrca,1
serena,1
approve,1
ashwini,1
panalam,1
fortune,1
allday,1
guitar,1
impress,1
perf,1
outsider,1
familiar,1
depression,1
infact,1
thet,1
prin,1
sathya,1
fiting,1
lifetime,1
gam,1
smash,1
religiously,1
employer's,1
stealing,1
privacy,1
violated,1
evaporated,1
maruti,1
load,1
hanumanji,1
bajarangabali,1
mj,1
remain,1
unconvinced,1
elaborate,1
willpower,1
hanuman,1
samantha,1
absence,1
answerin,1
impression,1
nalli,1
starve,1
continent,1
spaces,1
nationwide,1
babysit,1
newport,1
dizzamn,1
nimbomsons,1
repairs,1
sips,1
supose,1
teasing,1
prabu,1
buddy,1
verifying,1
bits,1
emerging,1
becaus,1
taught,1
craving,1
fiend,1
rinu,1
payasam,1
heron,1
blokes,1
dreamz,1
siguviri,1
lap,1
possibility,1
grooved,1
mising,1
lanre,1
fakeye's,1
calculated,1
performance,1
eckankar,1
lightly,1
throwin,1
heater,1
owl,1
kickboxing,1
degrees,1
dodgey,1
seing,1
funky,1
buffet,1
asssssholeeee,1
ceri,1
rebel,1
starshine,1
impede,1
hesitant,1
bars,1
panties,1
hol,1
gei,1
talked,1
balls,1
rvx,1
refreshed,1
dawns,1
woo,1
hoo,1
ijust,1
audrey's,1
sumthin,1
db,1
thout,1
flatter,1
pints,1
lands,1
neglet,1
matra,1
carlin,1
literally,1
idu,1
breathe,1
macleran,1
z,1
rayan,1
lindsay,1
tram,1
vic,1
market,1
coherently,1
gran,1
onlyfound,1
spoil,1
afew,1
turned,1
dl,1
burial,1
cusoon,1
honi,1
uniform,1
mojibiola,1
tron,1
rv,1
dial,1
southern,1
resizing,1
timi,1
machi,1
realised,1
inpersonation,1
flea,1
clocks,1
voucher,1
ml,1
seventeen,1
ny's,1
taj,1
lesser,1
helpful,1
known,1
sabarish,1
tootsie,1
facts,1
concerned,1
mumtaz,1
dismay,1
shahjahan's,1
friendships,1
wifes,1
shahjahan,1
mumtaz's,1
fetching,1
hadn't,1
hari,1
uncomfortable,1
spun,1
wrld,1
occasion,1
pounded,1
sooooo,1
brainy,1
rough,1
sonetimes,1
broadband,1
processed,1
installation,1
restock,1
tensed,1
coughing,1
warned,1
sprint,1
hypotheticalhuagauahahuagahyuhagga,1
gower,1
triumphed,1
braved,1
allo,1
pretend,1
arises,1
webadres,1
cps,1
confused,1
adi,1
rajnikant,1
occur,1
tsunamis,1
blastin,1
entey,1
nattil,1
kittum,1
youphone,1
wkend,1
hire,1
pesky,1
stands,1
faith,1
prix,1
grand,1
lines,1
hitman,1
yi,1
srsly,1
gotany,1
meive,1
cyclists,1
ocean,1
shock,1
passport,1
geting,1
aunties,1
beauties,1
handsomes,1
hundreds,1
cer,1
dependents,1
wahay,1
jack,1
gaze,1
multiply,1
we've,1
independently,1
results,1
twins,1
banter,1
youwanna,1
bridgwater,1
soiree,1
athome,1
equally,1
uneventful,1
celebrated,1
dealer's,1
scenario,1
trek,1
fidalfication,1
plaxigating,1
accident,1
divert,1
wadebridge,1
vill,1
seeking,1
harri,1
everybody's,1
wherre's,1
resolution,1
masteriastering,1
sms'd,1
visiting,1
frank,1
windows,1
fluids,1
dehydration,1
prevent,1
logoff,1
corporation,1
entrepreneurs,1
amplikater,1
opted,1
that'd,1
specs,1
katexxx,1
scrumptious,1
jelly,1
flim,1
wondar,1
mindset,1
board,1
outfor,1
macha,1
px,1
sth,1
oblisingately,1
overheating,1
reslove,1
inst,1
notixiquating,1
laxinorficated,1
attributed,1
jide,1
shitstorm,1
bambling,1
entropication,1
parkin,1
aretaking,1
myparents,1
captaining,1
lakhs,1
kalstiya,1
bakra,1
nange,1
js,1
sutra,1
kama,1
positions,1
burgundy,1
traditions,1
affections,1
anythingtomorrow,1
repent,1
values,1
amrita,1
profile,1
bpo,1
cloud,1
rays,1
hoped,1
prayers,1
reflection,1
noi,1
whoever,1
fundamentals,1
posts,1
purchase,1
asa,1
steak,1
prince,1
imprtant,1
cantdo,1
charming,1
arnt,1
crying,1
neglect,1
xxxxxxxxxxxxxx,1
sdryb,1
symbol,1
scrappy,1
yelling,1
freaky,1
piggy,1
wetherspoons,1
alle,1
ditto,1
mone,1
grandmas,1
tendencies,1
strtd,1
sources,1
associate,1
rip,1
uterus,1
beerage,1
abnormally,1
jacuzzi,1
adults,1
aldrine,1
unconscious,1
problematic,1
randomlly,1
ertini,1
unhappiness,1
pin,1
renewal,1
dismissial,1
slide,1
necesity,1
witout,1
hw'd,1
colleg,1
wth,1
screwd,1
rude,1
functions,1
domain,1
lobby,1
showered,1
buttons,1
ything,1
vewy,1
lubly,1
mess,1
catches,1
bani,1
specify,1
nusstu,1
x'm,1
un,1
faggot,1
pg,1
floating,1
channel,1
bull,1
bari,1
hudgi,1
yorge,1
pataistha,1
nigpun,1
events,1
jjc,1
account's,1
ouch,1
rec,1
jackson,1
accenture,1
fondly,1
forgiveness,1
fruit,1
reunion,1
dogbreath,1
glo,1
dao,1
uup,1
conditions,1
fishrman,1
activate,1
sounding,1
falconerf,1
thuglyfe,1
jaykwon,1
sack,1
stones,1
mcr,1
reache,1
nuerologist,1
espe,1
spelling,1
cared,1
irritated,1
wrd,1
wthout,1
takecare,1
univ,1
rajas,1
burrito,1
fixes,1
significance,1
overtime,1
lolnice,1
somerset,1
stitch,1
trouser,1
synced,1
westshore,1
shangela,1
community,1
booking,1
poo,1
gloucesterroad,1
heehee,1
advising,1
bsn,1
ninish,1
missy,1
apology,1
hustle,1
slap,1
forth,1
harlem,1
workout,1
ridden,1
dramatic,1
fats,1
monster,1
listed,1
hui,1
xin,1
brownie,1
mei,1
studentfinancial,1
inch,1
versus,1
muchxxlove,1
locaxx,1
skateboarding,1
summer,1
obey,1
soc,1
bites,1
gua,1
outages,1
conserve,1
voted,1
epi,1
bare,1
sayin,1
faber,1
frnt,1
dancing,1
bhaskar,1
uhhhhrmm,1
unfortuntly,1
walkin,1
gong,1
arngd,1
arguing,1
kaypoh,1
goggles,1
basketball,1
outdoors,1
interfued,1
thesedays,1
peril,1
sunscreen,1
idc,1
invitation,1
wherevr,1
iknow,1
cooped,1
forevr,1
gudnyt,1
bash,1
das,1
oclock,1
plum,1
shite,1
mutations,1
chillaxin,1
temper,1
formatting,1
percentages,1
unconditionally,1
attracts,1
trash,1
arithmetic,1
vegas,1
famous,1
apologise,1
cali,1
relationship,1
bloke's,1
causes,1
uv,1
thrown,1
winds,1
bandages,1
silly,1
pan,1
magic,1
virtual,1
senthil,1
paces,1
apnt,1
sink,1
pants,1
wellda,1
langport,1
alibi,1
merely,1
hunting,1
drunkard,1
weddin,1
smart,1
toshiba,1
kip,1
stage,1
achan,1
te,1
puppy,1
noise,1
sarasota,1
crashing,1
crossing,1
inconvenient,1
adsense,1
approved,1
dudette,1
perumbavoor,1
smarter,1
accomodations,1
cherish,1
clarify,1
preponed,1
gram,1
younger,1
thinked,1
suckers,1
liver,1
sucker,1
opener,1
guides,1
watched,1
embarassed,1
clover,1
mahfuuz,1
hockey,1
collapsed,1
cumming,1
jade,1
paul,1
barmed,1
thinkthis,1
dangerous,1
rushing,1
coulda,1
sherawat,1
mallika,1
eta,1
hmph,1
landing,1
punto,1
woulda,1
detroit,1
ayo,1
embarassing,1
offered,1
travelled,1
cave,1
toyota,1
camry,1
olayiwola's,1
mileage,1
stubborn,1
skyving,1
dad's,1
londn,1
hitler,1
eleven,1
worms,1
andre,1
gokila,1
shanil,1
kotees,1
hassling,1
andres,1
haughaighgtujhyguj,1
fassyole,1
blacko,1
timings,1
onwords,1
responsibilities,1
humanities,1
reassurance,1
aslamalaikkum,1
tohar,1
beeen,1
muht,1
uk,1
albi,1
cuppa,1
mufti,1
housework,1
recount,1
lies,1
election,1
starer,1
mtnl,1
immunisation,1
hep,1
mumbai,1
rajitha,1
ranju,1
styles,1
endowed,1
afterwards,1
vivekanand,1
uawake,1
feellikw,1
justfound,1
delivery,1
aletter,1
thatmum,1
gotmarried,1
burns,1
thnov,1
ourbacks,1
fuckinnice,1
rearrange,1
dormitory,1
astronomer,1
watts,1
hos,1
gauti,1
sehwag,1
rents,1
texas,1
stretch,1
bomb,1
powerful,1
casualty,1
weapon,1
lovly,1
clas,1
lit,1
loooooool,1
couch,1
celebration,1
swashbuckling,1
tyler's,1
terror,1
factory,1
cruel,1
decent,1
joker,1
dip's,1
gek,1
multis,1
world's,1
happiest,1
characters,1
differences,1
carolina,1
includes,1
north,1
demand,1
patrick,1
loans,1
swayze,1
quarter,1
delay,1
oga,1
situations,1
loosing,1
smaller,1
capacity,1
collected,1
checkmate,1
chess,1
persian,1
phrase,1
shah,1
maat,1
rats,1
themes,1
photoshop,1
manageable,1
shoppin,1
inshah,1
ashley,1
increase,1
lists,1
antibiotic,1
cme,1
frontierville,1
hooch,1
toaday,1
splat,1
grazed,1
knees,1
hearin,1
yah,1
hopeing,1
sisters,1
congratulation,1
court,1
chapel,1
mailed,1
abdomen,1
varma,1
secure,1
james,1
farting,1
ortxt,1
select,1
woot,1
stuffing,1
ahhhh,1
seekers,1
killing,1
burger,1
nonetheless,1
divorce,1
unintentional,1
child's,1
gynae,1
infections,1
exposed,1
ta's,1
chastity,1
device,1
beatings,1
uses,1
operate,1
effects,1
gut,1
wrenching,1
fuck's,1
peoples,1
tallahassee,1
taka,1
warner,1
performed,1
solihull,1
regret,1
nhs,1
terminated,1
inconvenience,1
dentists,1
parent,1
fainting,1
enufcredeit,1
dolls,1
receipts,1
morrowxxxx,1
broth,1
ramen,1
fowler,1
tats,1
flew,1
attention,1
tix,1
biola's,1
fne,1
code,1
youdoing,1
pendent,1
pocay,1
hu,1
navigate,1
choosing,1
require,1
guidance,1
chick,1
huge,1
boobs,1
revealing,1
gyno,1
belong,1
patent,1
wocay,1
victoria,1
tocall,1
ooooooh,1
helping,1
breather,1
spacebucks,1
weather's,1
squeezed,1
maintaining,1
dreading,1
thou,1
suggestion,1
helps,1
forgt,1
ajith,1
yoville,1
feed,1
custom,1
officer,1
respectful,1
bffs,1
carly,1
seperated,1
ud,1
brolly,1
franxx,1
prometazine,1
syrup,1
mls,1
aids,1
treasure,1
mummy's,1
shud,1
adventuring,1
chief,1
taylor,1
mouse,1
desk,1
priscilla's,1
childporn,1
spiritual,1
barring,1
sudden,1
influx,1
kane,1
pshew,1
positive,1
calculation,1
units,1
accent,1
dental,1
nmde,1
dump,1
heap,1
lowes,1
salesman,1
pity,1
jurong,1
bitching,1
compliments,1
tantrum's,1
irritation,1
effect,1
negative,1
hmmmm,1
command,1
stressful,1
holby,1
li,1
lecturer,1
repeating,1
rhode,1
bong,1
ofcourse,1
eggs,1
tamilnadu,1
identification,1
limit,1
grace,1
boundaries,1
endless,1
reassuring,1
young,1
saibaba,1
colany,1
chic,1
declare,1
disappointment,1
sane,1
granted,1
fulfil,1
salmon,1
packing,1
bawling,1
failure,1
failing,1
karnan,1
bluray,1
crash,1
salt,1
logging,1
geoenvironmental,1
implications,1
fuuuuck,1
uploaded,1
qbank,1
wrkin,1
awkward,1
splash,1
leg,1
musta,1
overdid,1
port,1
stuffs,1
juswoke,1
boatin,1
docks,1
spinout,1
wenever,1
ahhh,1
unintentionally,1
vaguely,1
ileave,1
treats,1
badly,1
okors,1
ibored,1
adding,1
zeros,1
savings,1
sday,1
grocers,1
spoilt,1
actin,1
pubs,1
frankie,1
fallen,1
bennys,1
apologetic,1
changing,1
diapers,1
owed,1
unlike,1
patients,1
turkeys,1
helens,1
princes,1
uworld,1
assessment,1
blessing,1
kid,1
rumbling,1
marandratha,1
correctly,1
gota,1
pisces,1
aquarius,1
steyn,1
wicket,1
neither,1
sterm,1
resolved,1
pride,1
grownup,1
prey,1
costume,1
jerk,1
stink,1
openings,1
upcharge,1
guai,1
jogging,1
astrology,1
slacking,1
credit,1
filling,1
mentor,1
sashimi,1
oyster,1
favorite,1
adress,1
forced,1
devouring,1
temales,1
finishd,1
studies,1
anyones,1
ffffffffff,1
swoop,1
treadmill,1
craigslist,1
absolutely,1
swan,1
sall,1
hehe,1
shexy,1
foward,1
misundrstud,1
genes,1
resuming,1
reapply,1
treatin,1
treacle,1
mumhas,1
beendropping,1
theplace,1
hols,1
heavily,1
hont,1
eventually,1
lavender,1
strict,1
mudyadhu,1
elama,1
manky,1
scouse,1
judgemental,1
scenery,1
fridays,1
waheeda,1
bot,1
notes,1
tolerance,1
diseases,1
hellogorgeous,1
evry,1
disk,1
emotion,1
dsn't,1
ubandu,1
prayrs,1
os,1
ujhhhhhhh,1
register,1
sandiago,1
parantella,1
snd,1
watr,1
dehydrated,1
dual,1
magazine,1
awww,1
useless,1
loo,1
ed,1
stu,1
truble,1
evone,1
hates,1
upstairs,1
view,1
gays,1
flirt,1
conducts,1
hostile,1
haircut,1
breezy,1
apple,1
tulsi,1
rubber,1
leaf,1
lemon,1
cross,1
problms,1
gandhipuram,1
litres,1
hugging,1
sweater,1
mango,1
mro,1
waz,1
othrs,1
enc,1
spoon,1
babyjontet,1
watchng,1
comfey,1
quitting,1
wudn't,1
frequently,1
cupboard,1
route,1
upload,1
involved,1
stool,1
risk,1
ors,1
grasp,1
flavour,1
laready,1
denying,1
dom,1
ffffuuuuuuu,1
annie,1
julianaland,1
oblivious,1
bevies,1
fancied,1
skint,1
immed,1
prediction,1
heading,1
consent,1
mathews,1
tait,1
edwards,1
anderson,1
haunt,1
refund,1
promoting,1
crowd,1
baaaaaaaabe,1
shola,1
academic,1
qet,1
alter,1
ga,1
browser,1
surf,1
convinced,1
conversations,1
senses,1
overemphasise,1
internal,1
extract,1
parish,1
hearing,1
avenue,1
spiral,1
resend,1
kfc,1
meals,1
gravy,1
attended,1
mw,1
jenny,1
filled,1
tuth,1
cruisin,1
mine's,1
eviction,1
michael,1
lay,1
riddance,1
suffers,1
skye,1
bookedthe,1
hut,1
celebrations,1
drastic,1
theater,1
mack,1
rob,1
garments,1
objection,1
enjoying,1
across,1
ends,1
lunsford,1
nannys,1
bookshelf,1
puts,1
perspective,1
conveying,1
debating,1
jb,1
jos,1
mmmmmm,1
remb,1
joke's,1
womdarfull,1
florida,1
fridge,1
hidden,1
royal,1
lag,1
teams,1
swhrt,1
general,1
jetton,1
dealer,1
freedom,1
appropriate,1
gurl,1
sez,1
bimbo,1
woodland,1
audiitions,1
pimples,1
connections,1
asthma,1
attack,1
cd,1
congratulations,1
ball,1
spin,1
haiyoh,1
aunty's,1
prsn,1
sunlight,1
relocate,1
ugo's,1
pocked,1
motivating,1
sharing,1
commercial,1
u've,1
wud,1
brison,1
motherfucker,1
watches,1
baig,1
sportsx,1
pleassssssseeeeee,1
tobed,1
fucked,1
stil,1
ups,1
realizes,1
portege,1
semiobscure,1
repeat,1
evo,1
loosu,1
careless,1
club,1
sometme,1
freaking,1
myspace,1
logged,1
blur,1
luton,1
mini,1
fumbling,1
weekdays,1
nails,1
nobody's,1
sarcastic,1
suzy,1
jolt,1
yummy,1
faggy,1
asia,1
ear,1
league,1
opposite,1
contains,1
btwn,1
caller,1
decades,1
statement,1
goverment,1
private,1
expects,1
spice,1
prasanth,1
ettans,1
appy,1
fizz,1
ratio,1
pairs,1
potato,1
genus,1
robinson,1
outs,1
soz,1
imat,1
mums,1
freinds,1
sometext,1
wewa,1
iriver,1
bw,1
apples,1
malarky,1
mapquest,1
sunshine,1
txting,1
jeevithathile,1
irulinae,1
neekunna,1
prakasamanu,1
laid,1
sne,1
prakasam,1
dvd,1
ennal,1
mns,1
q,1
blowing,1
keypad,1
firmware,1
lucyxx,1
vijaykanth,1
del,1
drunken,1
hide,1
predict,1
anythiing,1
sao,1
award,1
ending,1
lock,1
surly,1
mmmmmmm,1
snuggles,1
relation,1
orh,1
hides,1
thousands,1
secrets,1
canteen,1
stressfull,1
adds,1
ams,1
pleasured,1
providing,1
assistance,1
whens,1
built,1
contented,1
lonlines,1
lotz,1
memories,1
animation,1
lou,1
gailxx,1
complacent,1
beforehand,1
denis,1
mina,1
miwa,1
hairdressers,1
realising,1
woah,1
ovulate,1
bbd,1
whispers,1
error,1
healthy,1
sticky,1
scraped,1
plural,1
barrel,1
misfits,1
lying,1
sections,1
clearer,1
peach,1
grumpy,1
server,1
minecraft,1
tasts,1
ip,1
shindig,1
phonebook,1
memorable,1
truly,1
rocking,1
ashes,1
xin's,1
shijutta,1
mis,1
bcz,1
presnts,1
looovvve,1
definitly,1
undrstnd,1
ger,1
toking,1
syd,1
khelate,1
kintu,1
opponenter,1
dhorte,1
lage,1
fried,1
spares,1
tops,1
guessed,1
meets,1
posting,1
grumble,1
linear,1
algebra,1
decorating,1
lager,1
roomate,1
bridge,1
graduated,1
notting,1
cultures,1
valuing,1
somone,1
unrecognized,1
lifted,1
dogwood,1
unique,1
tiny,1
archive,1
easily,1
lengths,1
behalf,1
stunning,1
visa,1
gucci,1
sozi,1
culdnt,1
talkbut,1
wannatell,1
wenwecan,1
efficient,1
finding,1
handsome,1
erutupalam,1
thandiyachu,1
invention,1
approaches,1
lyrics,1
nevr,1
hopes,1
thanku,1
loss,1
ceiling,1
somtimes,1
engagement,1
dot,1
fixd,1
njan,1
vilikkam,1
sudn,1
maths,1
chapter,1
biggest,1
chop,1
noooooooo,1
split,1
wasnt,1
beside,1
phoned,1
heat,1
applyed,1
sumfing,1
nver,1
puttin,1
oxygen,1
resort,1
roller,1
shoes,1
showr,1
hotmail,1
rows,1
scool,1
quiteamuzing,1
ummma,1
brisk,1
walks,1
excited,1
tellmiss,1
see's,1
sorting,1
envy,1
party's,1
urgh,1
beverage,1
pist,1
surrender,1
aaooooright,1
dirt,1
symptoms,1
typical,1
beloved,1
rdy,1
nevering,1
flowing,1
backwards,1
abstract,1
sindu,1
africa,1
avin,1
doug,1
caveboy,1
poortiyagi,1
pump,1
frosty,1
allow,1
shiny,1
witin,1
adoring,1
reminding,1
sports,1
animal,1
talents,1
sport,1
nudist,1
themed,1
fring,1
apes,1
anjie,1
sef,1
thnx,1
cya,1
shanghai,1
palm,1
wizzle,1
worzels,1
wildlife,1
haul,1
patty,1
cheque,1
feelin,1
cheesy,1
dammit,1
modl,1
stomps,1
unspoken,1
acting,1
toughest,1
je,1
dub,1
compromised,1
meaningful,1
dimension,1
fourth,1
phasing,1
spageddies,1
playng,1
partnership,1
chasing,1
goodevening,1
yupz,1
spontaneously,1
laden,1
event,1
somewhat,1
ericson,1
wright,1
der,1
luks,1
printing,1
handing,1
outfit,1
dependable,1
courageous,1
athletic,1
sympathetic,1
organizer,1
listener,1
chef,1
companion,1
imposter,1
satanic,1
freaked,1
reacting,1
reg,1
nosy,1
thenampet,1
kalainar,1
pract,1
flung,1
image,1
justbeen,1
blanked,1
acted,1
overa,1
brains,1
mush,1
sunroof,1
determined,1
psychologist,1
honeymoon,1
pest,1
crushes,1
somewhr,1
xoxo,1
rawring,1
flame,1
spark,1
millers,1
anyhow,1
withdraw,1
dime,1
strain,1
derek's,1
leonardo,1
nig,1
hhahhaahahah,1
jules,1
chez,1
venaam,1
pudunga,1
aaniye,1
stated,1
stylist,1
healer,1
psychiatrist,1
exterminator,1
pouts,1
squatting,1
needy,1
breakfast,1
everytime,1
forgets,1
remembrs,1
unni,1
muchand,1
dileep,1
lacking,1
habba,1
particular,1
needing,1
dhanush,1
dramastorm's,1
bac,1
carryin,1
trainners,1
chuckin,1
paru,1
panren,1
follow,1
forfeit,1
becomes,1
dine,1
nething,1
haventcn,1
reality,1
textbook,1
digi,1
algorithms,1
seh,1
pai,1
traveling,1
honest,1
stable,1
afghanistan,1
iraq,1
force,1
rimac,1
learned,1
arestaurant,1
squid,1
careabout,1
urmom,1
itried,1
marine,1
iwas,1
intend,1
dosomething,1
dabooks,1
eachother,1
luckily,1
starring,1
settings,1
edition,1
thew,1
wotu,1
combination,1
smear,1
technologies,1
wad,1
specialise,1
sc,1
pull,1
shaking,1
floor,1
slovely,1
scarcasim,1
naal,1
ghodbandar,1
tookplace,1
accidant,1
kilos,1
messy,1
eruku,1
priya,1
embarrassed,1
mushy,1
weightloss,1
dudes,1
raping,1
soladha,1
sonathaya,1
ft,1
gobi,1
promises,1
iwana,1
stereo,1
itxt,1
theacusations,1
downon,1
sundayish,1
cruise,1
finn's,1
complaining,1
rcb,1
jen,1
chillin,1
jon,1
praps,1
stick,1
laurie,1
hugh,1
entertaining,1
kochi,1
missionary,1
pre,1
checkup,1
fires,1
classmates,1
connect,1
unknown,1
mi,1
tunde,1
missions,1
cloth,1
fren's,1
snickering,1
toss,1
coin,1
gudni,1
explicitly,1
nora,1
smith,1
gayle,1
beta,1
crucify,1
cedar,1
kaiez,1
dur,1
reserved,1
wall,1
detailed,1
printer,1
groovy,1
groovying,1
nz,1
wi,1
chinky,1
ironing,1
pile,1
ploughing,1
choices,1
chords,1
harish's,1
avenge,1
ducking,1
paining,1
twittering,1
fresh,1
breeze,1
maggi,1
mee,1
miiiiiiissssssssss,1
tunji,1
duo,1
intrepid,1
wisheds,1
misscall,1
frndz,1
recognises,1
tall,1
coat,1
entire,1
determine,1
whose,1
spreadsheet,1
exeter,1
interviw,1
boyf,1
robs,1
tonght,1
transfred,1
function,1
geva,1
natural,1
suffer,1
studyn,1
avoids,1
undrstndng,1
becz,1
everyboy,1
xxxxxxxx,1
buyer,1
answr,1
liquor,1
loko,1
witot,1
convince,1
youuuuu,1
misss,1
baaaaabe,1
gnun,1
laughs,1
fireplace,1
compass,1
icon,1
machines,1
fucks,1
tiempo,1
humans,1
steamboat,1
acnt,1
tp,1
showrooms,1
shaping,1
attending,1
doinat,1
tackle,1
callon,1
thirunelvali,1
reserve,1
shot,1
ron's,1
paths,1
front,1
appear,1
path,1
configure,1
anal,1
huai,1
auntie,1
gang,1
pears,1
magical,1
dressed,1
oooooh,1
bbq,1
chinchillas,1
headstart,1
luxury,1
lipo,1
netflix,1
nordstrom,1
earliest,1
clash,1
arr,1
oscar,1
rebtel,1
unfortunately,1
dang,1
firefox,1
shouting,1
sooo,1
nike,1
impressed,1
employee,1
cts,1
funs,1
speling,1
corect,1
arrive,1
lovin,1
glasgow,1
sept,1
sayy,1
exhaust,1
easter,1
derp,1
stars,1
tok,1
ext,1
truro,1
establish,1
rhythm,1
cardin,1
pierre,1
totes,1
raiden,1
avo,1
nearer,1
crashed,1
cuddled,1
shant,1
chachi,1
degree,1
games,1
conference,1
pl,1
tiz,1
kanagu,1
prices,1
ringing,1
houseful,1
brats,1
pulling,1
replacing,1
ordered,1
rummer,1
possessiveness,1
hubby,1
permission,1
prone,1
lasting,1
title,1
edhae,1
bilo,1
halla,1
ali,1
lyf,1
mundhe,1
innu,1
astne,1
lyfu,1
yalru,1
etc,1
wtc,1
havin,1
claire,1
weiyi,1
spys,1
owns,1
rajini,1
passionate,1
flying,1
poured,1
showers,1
mittelschmertz,1
dose,1
converter,1
paracetamol,1
systems,1
linux,1
idps,1
based,1
trauma,1
crucial,1
arrived,1
vitamin,1
cthen,1
conclusion,1
references,1
investigate,1
rugby,1
affidavit,1
concentrating,1
twiggs,1
tiring,1
maps,1
division,1
courtroom,1
lotr,1
incomm,1
tablet,1
gosh,1
parts,1
pases,1
thx,1
porridge,1
chinatown,1
grown,1
sip,1
ibuprofens,1
popping,1
original,1
yavnt,1
outl,1
urgoin,1
dontmatter,1
imin,1
crickiting,1
walsall,1
dent,1
smashed,1
blocked,1
beggar,1
shakara,1
labor,1
specialisation,1
honesty,1
politicians,1
corrupt,1
itna,1
hills,1
imf,1
jaklin,1
nearby,1
cliffs,1
cartons,1
waliking,1
directors,1
lac,1
collages,1
arty,1
bud,1
weren't,1
crore,1
deposited,1
progress,1
taxless,1
namous,1
atural,1
ntimate,1
ruthful,1
oble,1
ternal,1
oveable,1
ffectionate,1
aluable,1
suply,1
thankyou,1
ooh,1
projects,1
cutie,1
karo,1
stapati,1
sheet,1
shitload,1
ipaditan,1
ponnungale,1
intha,1
hesitation,1
bettr,1
term,1
hall,1
bsnl,1
spotty,1
offc,1
payed,1
suganya,1
platt,1
nickey,1
nobbing,1
washob,1
dessert,1
med,1
attach,1
guesses,1
abeg,1
supplies,1
lara,1
onum,1
complain,1
brin,1
submitted,1
scorable,1
documents,1
ki,1
occupied,1
table's,1
lololo,1
waaaat,1
nosh,1
pura,1
padhe,1
torrents,1
getha,1
particularly,1
slowing,1
requirements,1
commit,1
rightio,1
strongly,1
troubleshooting,1
reset,1
tech,1
manual,1
arent,1
needa,1
noisy,1
brum,1
swiss,1
shelves,1
mirror,1
workand,1
iscoming,1
jez,1
doke,1
expected,1
beach,1
anand,1
elaya,1
varaya,1
reminded,1
stalking,1
neshanth,1
milta,1
nahi,1
kuch,1
ko,1
kisi,1
zyada,1
naseeb,1
pehle,1
waqt,1
significant,1
byatch,1
cornwall,1
whassup,1
cl,1
todo,1
whilltake,1
nothin,1
zogtorius,1
goodmate,1
asusual,1
cheered,1
franyxxxxx,1
batt,1
piece,1
transcribing,1
census,1
ethnicity,1
categories,1
opinions,1
coimbatore,1
sky,1
gained,1
clarification,1
sorts,1
affectionate,1
frwd,1
cm,1
century,1
posible,1
alian,1
financial,1
pressure,1
limits,1
hanger,1
va,1
anjola's,1
include,1
tt,1
yummmm,1
newspapers,1
bb's,1
nelson,1
abel,1
aphex,1
ofstuff,1
braindance,1
hilarious,1
plaid,1
listened,1
como,1
knocking,1
no's,1
accordin,1
intentions,1
err,1
smidgin,1
bloo,1
keris,1
jod,1
hitter,1
caring,1
offline,1
puzzeles,1
push,1
velly,1
morro,1
chiong,1
studio,1
hype,1
inever,1
jones,1
brdget,1
roommate's,1
meaningless,1
watchin,1
dust,1
dialogue,1
reltnship,1
bcs,1
tolerat,1
wipe,1
pose,1
comb,1
reminds,1
doctors,1
complaint,1
raised,1
shifad,1
dryer,1
fps,1
computational,1
rub,1
rr,1
famamus,1
goods,1
pharmacy,1
pressies,1
grr,1
duffer,1
ofice,1
ello,1
ultimately,1
snowball,1
angels,1
tor,1
motive,1
placed,1
parachute,1
tui,1
lim,1
uh,1
achieve,1
station's,1
lark,1
korli,1
jog,1
dock,1
biro,1
pen,1
someplace,1
fffff,1
jontin,1
lifebook,1
programs,1
belongs,1
fated,1
shoranur,1
fuelled,1
reflex,1
hittng,1
concern,1
ecstasy,1
prior,1
priority,1
grief,1
women,1
anyplaces,1
idea's,1
scratching,1
nigro,1
honestly,1
hypertension,1
accordingly,1
act,1
qing,1
promptly,1
zhong,1
burnt,1
vid,1
srt,1
egbon,1
developed,1
cysts,1
september,1
cheek,1
prominent,1
mwahs,1
squishy,1
usmle,1
aid,1
bam,1
ld,1
dec,1
shrink,1
teresa,1
lifting,1
dying,1
something's,1
fellow,1
upping,1
shrek,1
ccna,1
grams,1
timin,1
chatting,1
terry,1
tue,1
ovarian,1
comingdown,1
supports,1
flow,1
thesis,1
sh,1
wicked,1
pulls,1
exposes,1
knee's,1
pushes,1
weaknesses,1
october,1
elaborating,1
safety,1
entertain,1
aspects,1
reception,1
fedex,1
payments,1
matric,1
kissing,1
elliot,1
mia,1
instructions,1
engalnd,1
sts,1
murali,1
adewale,1
residency,1
readiness,1
yelow,1
purple,1
struggling,1
breadstick,1
shadow,1
resubbing,1
ego,1
thkin,1
necessity,1
reppurcussions,1
affair,1
cereals,1
lo,1
jot,1
cosign,1
subtoitles,1
pei,1
apologize,1
satsgettin,1
hcl,1
anybody's,1
requires,1
marrge,1
dha,1
madurai,1
ambrith,1
drama,1
brown,1
inlude,1
appointments,1
simulate,1
autocorrect,1
audrie,1
samachara,1
mathe,1
howda,1
dice,1
cutest,1
easiest,1
eng,1
official,1
wind,1
barcelona,1
pansy,1
latelyxxx,1
donyt,1
onbus,1
jungle,1
wondarfull,1
kanji,1
drugdealer,1
srs,1
eldest,1
arranging,1
drizzling,1
previews,1
thia,1
mary,1
length,1
arul,1
trade,1
related,1
shhhhh,1
props,1
bognor,1
splendid,1
ktv,1
gep,1
misplaced,1
infra,1
bowa,1
feathery,1
tescos,1
computers,1
gotten,1
begun,1
registration,1
payback,1
grab,1
asshole,1
permanent,1
monkey,1
wrks,1
deduct,1
amk,1
citylink,1
freshers,1
antha,1
bend,1
responsibility,1
rules,1
intention,1
forwarding,1
brilliantly,1
lb,1
suman,1
telephonic,1
outreach,1
roles,1
soil,1
african,1
converted,1
bids,1
memory,1
fwiw,1
afford,1
curtsey,1
practising,1
rupaul,1
sq,1
basket's,1
dane,1
corrct,1
buen,1
host,1
que,1
amla,1
waves,1
cheyyamo,1
footprints,1
term's,1
ore,1
speed,1
evaluation,1
convenience,1
fox,1
teju,1
delete,1
earning,1
frndsship,1
dwn,1
slaaaaave,1
summon,1
smoked,1
hen,1
owo,1
recycling,1
alternative,1
survey,1
throws,1
crab,1
daywith,1
somewheresomeone,1
copied,1
slices,1
tosend,1
shade's,1
kvb,1
greeting,1
million,1
selflessness,1
initiate,1
piah,1
tallent,1
tau,1
wasting,1
errors,1
lennon,1
brothers,1
bothering,1
appendix,1
smiled,1
tank,1
conected,1
freely,1
complexities,1
cali's,1
pockets,1
gopalettan,1
theyre,1
mus,1
participate,1
spatula,1
sorta,1
answered,1
blown,1
poking,1
needle,1
ndship,1
sambar,1
makiing,1
steal,1
praises,1
isaiah,1
voila,1
paypal,1
tons,1
ryder,1
wrking,1
webpage,1
fro,1
puzzles,1
cliff,1
yeesh,1
gifts,1
postal,1
strips,1
ovulation,1
samus,1
shoulders,1
dusk,1
bet,1
tirunelvai,1
stuffed,1
bleh,1
windy,1
writhing,1
tai,1
feng,1
phd,1
lighters,1
ugadi,1
himso,1
fed,1
arguments,1
fools,1
thin,1
oreos,1
chickened,1
lasagna,1
jordan,1
flippin,1
popcorn,1
quizzes,1
worrying,1
lodge,1
independence,1
hangin,1
teachers,1
avoid,1
cstore,1
shivratri,1
republic,1
sankranti,1
approaching,1
smell,1
passable,1
ew,1
tobacco,1
lunchtime,1
charles,1
wesley,1
guessin,1
how've,1
maaaan,1
lingo,1
l'm,1
semi,1
appreciated,1
subs,1
grinule,1
drove,1
woould,1
fudge,1
breaking,1
velachery,1
blogspot,1
peeps,1
computerless,1
necessary,1
swimsuit,1
ashley's,1
hollalater,1
neighbors,1
veggie,1
comment,1
joys,1
danger,1
childrens,1
reservations,1
adult,1
signing,1
kaitlyn,1
sitter,1
lifeis,1
rounds,1
blogging,1
magicalsongs,1
balloon,1
chip,1
anybody,1
dieting,1
islands,1
hme,1
festival,1
dasara,1
macs,1
mornings,1
melody,1
le,1
afternoons,1
evenings,1
erupt,1
volcanoes,1
rememberi,1
your's,1
zaher's,1
luvd,1
nauseous,1
frndshp,1
squeeeeeze,1
scores,1
proove,1
craziest,1
ere,1
sacked,1
sweetie,1
eightish,1
carpark,1
batch,1
opened,1
casing,1
ubi,1
irene,1
hdd,1
dungerees,1
barred,1
july,1
twat,1
sufficient,1
blankets,1
lekdog,1
millions,1
hardest,1
defo,1
describe,1
punj,1
knowing,1
returning,1
data,1
weakness,1
walkabout,1
cashed,1
announced,1
blog,1
notebook,1
reformat,1
randomly,1
bloke,1
flirting,1
footie,1
asus,1
blow,1
phil,1
neville,1
abbey,1
atten,1
shitin,1
relaxing,1
sorrows,1
uin,1
mutai,1
meat,1
aunts,1
charlie,1
eerulli,1
kodthini,1
thasa,1
messed,1
helen,1
tex,1
zoe,1
apt,1
hero,1
syllabus,1
okden,1
erode,1
unjalur,1
kolathupalayam,1
poyyarikatur,1
mecause,1
supreme,1
hogli,1
glorious,1
anniversary,1
decking,1
tagged,1
stripes,1
skirt,1
punch,1
mentionned,1
xxxxx,1
grl,1
hogolo,1
scratches,1
countinlots,1
kodstini,1
agalla,1
madstini,1
updat,1
escalator,1
likeyour,1
quiet,1
beth,1
analysis,1
belligerent,1
hesitate,1
neighbor,1
applying,1
oyea,1
obese,1
toothpaste,1
useful,1
lodging,1
chk,1
shes,1
nurses,1
lul,1
intrude,1
dict,1
shb,1
diddy,1
mouth,1
deserve,1
nri,1
pookie,1
dobby's,1
vth,1
ami,1
secondary,1
parchi,1
breath,1
expert,1
attraction,1
sophas,1
cafe,1
thinl,1
pokkiri,1
surya,1
importantly,1
tightly,1
copies,1
wnevr,1
tul,1
korche,1
iccha,1
korte,1
kaaj,1
kicchu,1
fal,1
um,1
dentist,1
shove,1
horse,1
victors,1
films,1
pathaya,1
wrongly,1
bcum,1
wrench,1
throwing,1
enketa,1
borin,1
boggy,1
ink,1
plumbers,1
maraikara,1
priest,1
snoring,1
rudi,1
biatch,1
les,1
reserves,1
appeal,1
aptitude,1
elephant,1
winterstone,1
retired,1
natwest,1
chad,1
gymnastics,1
director,1
local,1
christians,1
thriller,1
token,1
edu,1
liking,1
sg,1
phyhcmk,1
finalise,1
emigrated,1
hopeful,1
olol,1
fredericksburg,1
stagwood,1
offcampus,1
avalarr,1
werebored,1
vasai,1
badrith,1
owe,1
didntgive,1
bellearlier,1
castor,1
checkin,1
bollox,1
tim,1
aboutas,1
shake,1
tee,1
shakespeare,1
swell,1
footbl,1
gray,1
block,1
weirdo,1
atleast,1
styling,1
justify,1
darker,1
lovejen,1
agidhane,1
stalk,1
profiles,1
swalpa,1
colours,1
reminder,1
plumbing,1
molested,1
fo,1
fatty,1
downloaded,1
cock,1
careful,1
glass,1
exhibition,1
el,1
nino,1
possibly,1
giggle,1
senor,1
non,1
listn,1
wahala,1
inperialmusic,1
pocy,1
coveragd,1
paragraphs,1
minus,1
vibrator,1
leafcutter,1
tol,1
merememberin,1
insects,1
watevr,1
chinnu,1
hogidhe,1
hole,1
virgin,1
designation,1
user,1
certificate,1
publish,1
shitinnit,1
nydc,1
wheellock,1
destination,1
doesdiscount,1
dads,1
janx,1
settling,1
happenin,1
developer,1
nuclear,1
mystery,1
fusion,1
iter,1
jet,1
items,1
approx,1
novelty,1
nowhere,1
ikno,1
cocksuckers,1
ipads,1
description,1
jabo,1
philosophical,1
manege,1
officially,1
trends,1
buttheres,1
postcard,1
y'd,1
drinkin,1
worlds,1
girlie,1
pros,1
cons,1
shattered,1
brief,1
gonnamissu,1
corvettes,1
sapna,1
ana,1
sathy,1
rto,1
pax,1
spoons,1
babysitting,1
everyones,1
jap,1
gold,1
three,1
disappeared,1
bian,1
worthless,1
shun,1
raviyog,1
ihave,1
basq,1
drum,1
dancce,1
dnot,1
senrd,1
emergency,1
asthere,1
pthis,1
iff,1
edrunk,1
ofsi,1
faglord,1
breakin,1
peripherals,1
bhayandar,1
urfeeling,1
nhite,1
downs,1
entirely,1
walls,1
probthat,1
xxxxxxx,1
fletcher,1
mike,1
completing,1
ros,1
bettersn,1
ax,1
hussey,1
mys,1
failed,1
sunoco,1
yaxx,1
nutter,1
plate,1
ee,1
aging,1
underwear,1
invest,1
betta,1
onluy,1
matters,1
superb,1
prakesh,1
grateful,1
happier,1
agents,1
edge,1
invoices,1
korean,1
leona's,1
ignorant,1
thus,1
scrounge,1
drivby,1
swear,1
unfolds,1
cutter,1
ctter,1
cttergg,1
cttargg,1
snatch,1
products,1
ctargg,1
submitting,1
ph,1
ctagg,1
various,1
ie,1
howard,1
surgical,1
bowls,1
buzzzz,1
starving,1
yoyyooo,1
icic,1
mc,1
westonzoyland,1
permissions,1
overdose,1
buyers,1
greatness,1
cozy,1
massages,1
hang,1
syria,1
leftovers,1
relieved,1
retard,1
nvq,1
grinder,1
incorrect,0
monos,0
nikiyu,0
wings,0
rct,0
chgs,0
colin,0
barbie,0
thnq,0
lapdancer,0
hvae,0
panasonic,0
rgds,0
skillgame,0
phony,0
kiefer,0
adrian,0
pw,0
careers,0
acl,0
deck,0
bloomberg,0
gage,0
goldviking,0
fa,0
beg,0
sue,0
supply,0
cast,0
explosive,0
nasdaq,0
rstm,0
freeentry,0
kiosk,0
xt,0
mre,0
ac,0
expired,0
aom,0
doubletxt,0
tkts,0
monoc,0
draws,0
cust,0
swat,0
bluetoothhdset,0
knickers,0
fifa,0
devils,0
freefone,0
ken's,0
jersey,0
granite,0
cds,0
records,0
qp,0
scoring,0
doublemins,0
sptv,0
farrell,0
henry,0
suprman,0
cure,0
zs,0
servs,0
complimentary,0
held,0
ringtones,0
restrictions,0
agra,0
awarded,0
textoperator,0
weekend's,0
bailiff,0
c's,0
mega,0
provided,0
lowest,0
sed,0
unbreakable,0
becausethey,0
westlife,0
spook,0
entry,0
inclu,0
cdgt,0
halloween,0
downloads,0
members,0
wkly,0
ibiza,0
opt,0
chatlines,0
gsex,0
videophones,0
fantasy,0
dorothy,0
nr,0
tsunami,0
polyc,0
vatian,0
planettalkinstant,0
stream,0
boner,0
videochat,0
marvel,0
ultimate,0
spider,0
ou,0
fund,0
week's,0
disaster,0
active,0
asian,0
dining,0
sonyericsson,0
tooth,0
unicef's,0
donate,0
gamestar,0
vip,0
std,0
trav,0
eurodisinc,0
freemsg,0
etlp,0
discreet,0
vouch,0
experiencehttp,0
ppmsg,0
shortcode,0
ts,0
splashmobile,0
satisfy,0
landlineonly,0
qlynnbv,0
ppt,0
leading,0
subscriptn,0
smartcall,0
unclaimed,0
closingdate,0
claimcode,0
pmmorefrommobile,0
bremoved,0
mobypobox,0
ls,0
yf,0
outbid,0
deltomorrow,0
coincidence,0
doit,0
dept,0
gbp,0
dena,0
claims,0
buffy,0
callback,0
orno,0
minmobsmore,0
helpline,0
liverpool,0
stopsms,0
bid,0
plyr,0
shinco,0
simonwatson,0
vco,0
lkpobox,0
premier,0
jy,0
marsms,0
utele,0
carlie,0
charged,0
promised,0
ringtone,0
pause,0
subscription,0
trivia,0
fink,0
ecstacy,0
skilgme,0
tscs,0
national,0
bundle,0
deals,0
qxj,0
avble,0
england,0
macedonia,0
telediscount,0
ae,0
goals,0
mf,0
male,0
getzed,0
eg,0
asjesus,0
wrote,0
someonone,0
stereophonics,0
lastest,0
refunded,0
star,0
billed,0
polyphonic,0
ntwk,0
compensation,0
winawk,0
scammers,0
perwksub,0
erotic,0
passion,0
garden,0
xxxmobilemovieclub,0
mymoby,0
bulbs,0
seeds,0
scotsman,0
notxt,0
goten,0
ree,0
deliveredtomorrow,0
mobileupd,0
gotto,0
follows,0
comuk,0
jx,0
rg,0
php,0
getstop,0
cashto,0
subscribed,0
chances,0
stories,0
six,0
lingerie,0
sparkling,0
tcr,0
inclusive,0
chaps,0
profit,0
zed,0
polys,0
nokias,0
accommodationvouchers,0
mustprovide,0
thedailydraw,0
emc,0
tddnewsletter,0
stolen,0
winner,0
toilet,0
charity,0
arrow,0
efreefone,0
legitimat,0
receivea,0
prize,0
yer,0
flag,0
bridal,0
followed,0
filthy,0
smsco,0
csbcm,0
meg,0
callcost,0
deepest,0
darkest,0
mobilesvary,0
gamb,0
xxxxxx,0
gender,0
petticoatdreams,0
wither,0
posh,0
org,0
weddingfriend,0
natalie,0
shortbreaks,0
wallpaper,0
breaks,0
complementary,0
sppok,0
claim,0
unsub,0
moon's,0
hava,0
upd,0
oranges,0
rodger,0
slo,0
cheapest,0
viagra,0
pneys,0
dob,0
txtauction,0
idew,0
ctxt,0
stamped,0
mtmsg,0
matthew,0
panther,0
resent,0
queries,0
customersqueries,0
fromm,0
netvision,0
shagged,0
subscrition,0
envelope,0
mobiles,0
alertfrom,0
trial,0
kl,0
jeri,0
valid,0
duchess,0
perweeksub,0
alfie,0
stewartsize,0
kbsubject,0
yourinclusive,0
smsservices,0
nasty,0
camcorder,0
prods,0
prescripiton,0
drvgsto,0
retrieve,0
entitled,0
messaging,0
mailbox,0
filthyguys,0
stoptx,0
folks,0
reward,0
expires,0
optout,0
upgrdcentre,0
unsubscribe,0
large,0
coca,0
cola,0
credits,0
teenager,0
pt,0
genuine,0
gprs,0
singles,0
chart,0
woods,0
tiger,0
hmv,0
tnc,0
horny,0
breaker,0
deluxe,0
format,0
features,0
graphics,0
bbdeluxe,0
shortly,0
install,0
browse,0
networks,0
artists,0
handset,0
stadium,0
footy,0
bcmsfwc,0
professional,0
percent,0
costing,0
crazyin,0
cmon,0
xxxxxxxxx,0
spanish,0
mobs,0
minmoremobsemspobox,0
titles,0
biz,0
jsco,0
blind,0
rodds,0
aberdeen,0
offering,0
themob,0
newest,0
latests,0
lucy,0
meetins,0
thfeb,0
cumin,0
loyalty,0
minmobsmorelkpobox,0
hp,0
upgrade,0
prizeawaiting,0
fl,0
purpose,0
instant,0
november,0
indicate,0
concert,0
blu,0
okmail,0
tenerife,0
tcs,0
celeb,0
wrc,0
rally,0
lucozade,0
partner,0
flyng,0
tariffs,0
passes,0
jhl,0
cs,0
pocketbabe,0
voicemail,0
recd,0
thirtyeight,0
pence,0
boltblue,0
growing,0
tones,0
mono,0
jamz,0
toxic,0
topped,0
http,0
landmark,0
fastest,0
uks,0
bubbletext,0
tonexs,0
renewed,0
clubzed,0
billing,0
olympics,0
exit,0
choice,0
chrgd,0
funk,0
natalja,0
nat,0
ppmx,0
ldew,0
tncs,0
sae,0
cw,0
vouchers,0
wx,0
textcomp,0
phb,0
global,0
accommodation,0
twinks,0
kit,0
mila,0
strip,0
txtin,0
ig,0
oja,0
thesmszone,0
nok,0
anonymous,0
masked,0
abuse,0
improved,0
aq,0
reveal,0
admirer,0
canary,0
selection,0
cncl,0
hmmross,0
dating,0
txttowin,0
ch,0
maximize,0
cc,0
hg,0
sk,0
chosen,0
lf,0
hl,0
pushbutton,0
dontcha,0
babygoodbye,0
golddigger,0
pdate,0
logo,0
mobno,0
adam,0
lions,0
musicnews,0
pobox,0
wq,0
txtno,0
ads,0
contacted,0
accessible,0
porn,0
tf,0
logos,0
videosounds,0
txts,0
xxuk,0
webeburnin,0
linerental,0
stopcs,0
refused,0
poly,0
landlines,0
housewives,0
gnarls,0
barkleys,0
bluetooth,0
secured,0
bx,0
unsecured,0
rental,0
phones,0
mobilesdirect,0
stoptxt,0
george's,0
tone,0
uptown,0
sang,0
expiry,0
resubmit,0
fantasies,0
ntt,0
ltd,0
triple,0
echo,0
phoenix,0
potter,0
bears,0
regalportfolio,0
nick,0
rp,0
harry,0
sextextuk,0
shag,0
land,0
ff,0
spjanuary,0
flowers,0
december,0
mths,0
wml,0
ecef,0
pod,0
videosound,0
ipod,0
gb,0
textpod,0
jul,0
romcap,0
wc,0
interflora,0
index,0
widelive,0
optin,0
bbc,0
charts,0
weekly,0
tms,0
simpsons,0
band,0
summers,0
matched,0
amanda,0
regard,0
renewing,0
upgrading,0
subject,0
ukp,0
presence,0
mjzgroup,0
heroes,0
jamster,0
tbs,0
persolvo,0
kath,0
manchester,0
asp,0
tenants,0
noworriesloans,0
msgrcvdhg,0
wave,0
alto,0
villa,0
custcare,0
rcvd,0
arsenal,0
oncall,0
dartboard,0
condition,0
doubles,0
trebles,0
prepayment,0
frog,0
germany,0
vary,0
bcm,0
ldn,0
outgoing,0
gsoh,0
gigolo,0
mens,0
tgxxrz,0
recpt,0
rt,0
roses,0
ppm,0
chloe,0
specially,0
strt,0
flights,0
inc,0
operator,0
eastenders,0
paris,0
netcollex,0
zouk,0
speciale,0
ltdhelpdesk,0
clubsaisai,0
euro,0
gent,0
hottest,0
hack,0
backdoor,0
fraction,0
neo,0
fwd,0
incredible,0
lp,0
kickoff,0
rayman,0
golf,0
sphosting,0
horniest,0
rtf,0
removal,0
xclusive,0
compare,0
pro,0
replys,0
ripped,0
foley,0
stdtxtrate,0
promo,0
ag,0
flirtparty,0
t's,0
spree,0
revealed,0
quiz,0
wu,0
delivered,0
knock,0
rates,0
standard,0
quoting,0
clubmoby,0
prizes,0
announcement,0
voda,0
wr,0
identifier,0
bonus,0
unredeemed,0
wkent,0
lily,0
tulip,0
loyal,0
customers,0
violet,0
tarot,0
classic,0
axel,0
fgkslpo,0
connected,0
cnl,0
rpl,0
representative,0
vat,0
guaranteed,0
fgkslpopw,0
akon,0
netun,0
shsex,0
videos,0
chik,0
filth,0
mix,0
gmw,0
xn,0
essexcm,0
datebox,0
fancies,0
secretly,0
prompts,0
vpod,0
msgrcvd,0
customercare,0
minded,0
minapn,0
costa,0
sol,0
toclaim,0
premium,0
lyricalladie,0
verify,0
usher,0
britney,0
picsfree,0
eyed,0
cashbin,0
lookatme,0
textbuddy,0
clip,0
continued,0
president,0
postcode,0
gaytextbuddy,0
keyword,0
vodafone,0
matches,0
banned,0
maximum,0
highest,0
saristar,0
banneduk,0
abta,0
await,0
collection,0
holder,0
extreme,0
sic,0
santa,0
santacalling,0
mobcudb,0
uz,0
ppw,0
wire,0
mk,0
tkls,0
stoptxtstop,0
cro,0
applausestore,0
mobsi,0
wap,0
web,0
csc,0
max,0
monthlysubscription,0
janinexx,0
wamma,0
busty,0
freephone,0
daytime,0
saucy,0
mcfly,0
mgs,0
explicit,0
secs,0
speedchat,0
promotion,0
digits,0
subpoly,0
awaiting,0
urawinner,0
onto,0
proze,0
norcorp,0
cfca,0
wining,0
unsubscribed,0
presleys,0
dogs,0
elvis,0
rgent,0
ab,0
movietrivia,0
eerie,0
ringtoneking,0
redeemable,0
subscribers,0
sexual,0
fil,0
headset,0
adp,0
europe,0
virgins,0
british,0
hotels,0
savamob,0
fans,0
recieve,0
action,0
companies,0
responsible,0
suppliers,0
guarantee,0
teletext,0
floppy,0
snappy,0
lnly,0
moby,0
hlp,0
redeemed,0
stchoice,0
areyouunique,0
august,0
doggin,0
content,0
algarve,0
rcv,0
xchat,0
lord,0
ibh,0
mquiz,0
australia,0
capital,0
canname,0
hunks,0
recorder,0
svc,0
hardcore,0
services,0
textand,0
txtstop,0
ec,0
rings,0
gravel,0
invaders,0
orig,0
largest,0
uk's,0
arcade,0
mob,0
console,0
soundtrack,0
locations,0
dogging,0
alert,0
tyrone,0
sp,0
ansr,0
mnth,0
subscribe,0
conacted,0
utxt,0
mfl,0
hubby's,0
bangbabes,0
html,0
gotbabes,0
subscriber,0
inviting,0
bootydelious,0
vu,0
sexiest,0
subscriptions,0
dirtiest,0
trackmarque,0
vipclub,0
warranty,0
mnths,0
bp,0
annoncement,0
digital,0
sipix,0
agent,0
goodies,0
mat,0
callfreefone,0
tonights,0
chit,0
logon,0
zf,0
randy,0
ppmmobilesvary,0
